franco,arabic,english,source,annotator,verified,collected_at
"3 ع
4 ق
5 خ
6 ط
7 ح 
8 غ
9 ص",,,youtube__BElKjt1NBE,,false,2026-04-03T19:03:46.700914
مين هون بي2026 🎉,,,youtube__BElKjt1NBE,,false,2026-04-03T19:03:46.700914
3ade,,,youtube__BElKjt1NBE,,false,2026-04-03T19:03:46.700914
"3=ع
4=ق
5=خ

6=ط
8=غ
9=ص",,,youtube__BElKjt1NBE,,false,2026-04-03T19:03:46.700914
"3=ع
4=ق
5=خ

6=ط
8=غ
9=ص
Brb",,,youtube__BElKjt1NBE,,false,2026-04-03T19:03:46.700914
"3=ع
4=ق
5=خ

6=ط
8=غ
9=ص",,,youtube__BElKjt1NBE,,false,2026-04-03T19:03:46.700914
"2nt bwaztly ello8a m4 3almtny 
Mal7oza (b3raf 2tklm mn zaman 2sla",,,youtube__BElKjt1NBE,,false,2026-04-03T19:03:46.700914
3=ع,,,youtube__BElKjt1NBE,,false,2026-04-03T19:03:46.700914
3raft Akalm 7alo,,,youtube__BElKjt1NBE,,false,2026-04-03T19:03:46.700914
3ala shoooo,,,youtube__BElKjt1NBE,,false,2026-04-03T19:03:46.700914
جامد ana at3lmt kter thk,,,youtube__BElKjt1NBE,,false,2026-04-03T19:03:46.700914
9ق و4ص,,,youtube__BElKjt1NBE,,false,2026-04-03T19:03:46.700914
Ana 3arfa. Aktb. Mn zaman,,,youtube__BElKjt1NBE,,false,2026-04-03T19:03:46.700914
ق=9,,,youtube__BElKjt1NBE,,false,2026-04-03T19:03:46.700914
8nya idmaaaan🖤,,,youtube__BElKjt1NBE,,false,2026-04-03T19:03:46.700914
yasta anta gamed w bt3lm 97,,,youtube__BElKjt1NBE,,false,2026-04-03T19:03:46.700914
9ق,,,youtube__BElKjt1NBE,,false,2026-04-03T19:03:46.700914
7byby any btklm frankooo,,,youtube__BElKjt1NBE,,false,2026-04-03T19:03:46.700914
"3. =. ع
4. =. ق
5. =. خ
6. =. ط
7. =. ح
8. =. غ
9. =. ص",,,youtube__BElKjt1NBE,,false,2026-04-03T19:03:46.700914
A5eran 9rt a3ref ahki 3rabi shkran❤,,,youtube__BElKjt1NBE,,false,2026-04-03T19:03:46.700914
"3=ع
4=ق
4=خ
6=ط
8=غ
9=ص",,,youtube__BElKjt1NBE,,false,2026-04-03T19:03:46.700914
مفروض 2 ق و 4 ش,,,youtube__BElKjt1NBE,,false,2026-04-03T19:03:46.700914
Ba3rafha men zaman,,,youtube__BElKjt1NBE,,false,2026-04-03T19:03:46.700914
لا غلط ق هيا 9مش4,,,youtube__BElKjt1NBE,,false,2026-04-03T19:03:46.700914
9 هي القاف يادكي 😂😂😂,,,youtube__BElKjt1NBE,,false,2026-04-03T19:03:46.700914
الجزء 2,,,youtube__BElKjt1NBE,,false,2026-04-03T19:03:46.700914
klhm 8l9 ea 3be9,,,youtube__BElKjt1NBE,,false,2026-04-03T19:03:46.700914
anta 5arof,,,youtube__BElKjt1NBE,,false,2026-04-03T19:03:46.700914
"ع=3
ق=4
5=خ
6=ط
8=غ
9=ص",,,youtube__BElKjt1NBE,,false,2026-04-03T19:03:46.700914
"9 ض
9 ص
؟؟",,,youtube__BElKjt1NBE,,false,2026-04-03T19:03:46.700914
"الشعب التونسي عربي مُسلم في قارة أفريقيا

بيتكلم لغة المُستعمر الفرنسي ويا ريته فرنسي صح
فرنسي من سوق الجمعة😅

وتكلم أي تونسي سوشيال ميديا تلقاه رد عليك بالفرانكو كتابة..
علي أساس تميز ..عبط ومرض نفسي وشعور بالدونية وتسلق وزحف وإنبطاح للغرب وخلاص..

لغة عربية غيرو فيها بعض الحروف إلي أرقام وباقي الحروف أنطقها عربي وإكتبها بحروف إنجلش .. بس القارئ يتهجاها عربي

هذا قمة الجهل والغباء والإنسلاخ من اللغة العربية والإسلام
القرأن عربي وبلغة عربية
الرسول مُحمد صلي الله عليه وسلم عربي
وبعت من وإلي العرب ..للعالم أجمع

فما هذا الخراااا وماذا تريدون

من هوا الخبيت الذي أخترع هذا التشويه والعشوائية والخراب 
الأن في 2024 الأطفال والمراهقين المقلدين للترند وخلاص يحسابوها لغة😅",,,youtube__BElKjt1NBE,,false,2026-04-03T19:03:46.700914
ana ara4ia otalmt franko👍🏻🎀,,,youtube__BElKjt1NBE,,false,2026-04-03T19:03:46.700914
shkran lank 3lmtne 💗,,,youtube__BElKjt1NBE,,false,2026-04-03T19:03:46.700914
خطأ 9=ق و 4=غ,,,youtube__BElKjt1NBE,,false,2026-04-03T19:03:46.700914
Laa khaled btnkteb 5aled,,,youtube__BElKjt1NBE,,false,2026-04-03T19:03:46.700914
راك غالط خو 9=ق,,,youtube__BElKjt1NBE,,false,2026-04-03T19:03:46.700914
"3ع
4ق
5خ
6ط
7غ
9ص",,,youtube__BElKjt1NBE,,false,2026-04-03T19:03:46.700914
1 2 راحو فين ولا هما مش بيتكتبوا,,,youtube__BElKjt1NBE,,false,2026-04-03T19:03:46.700914
فيه كمان great = gr8😊,,,youtube__BElKjt1NBE,,false,2026-04-03T19:03:46.700914
Kol 5ahra,,,youtube__BElKjt1NBE,,false,2026-04-03T19:03:46.700914
اودي، اك غالط 9 هيا ق,,,youtube__BElKjt1NBE,,false,2026-04-03T19:03:46.700914
غ8,,,youtube__BElKjt1NBE,,false,2026-04-03T19:03:46.700914
ط6,,,youtube__BElKjt1NBE,,false,2026-04-03T19:03:46.700914
"ع3
ق4
خ5
ص9",,,youtube__BElKjt1NBE,,false,2026-04-03T19:03:46.700914
ص=9,,,youtube__BElKjt1NBE,,false,2026-04-03T19:03:46.700914
غ=8,,,youtube__BElKjt1NBE,,false,2026-04-03T19:03:46.700914
"ع=3
ق=4
خ=5
ط=6",,,youtube__BElKjt1NBE,,false,2026-04-03T19:03:46.700914
وش معنى 1 و 2 ولا مالهم معنى؟؟,,,youtube__BElKjt1NBE,,false,2026-04-03T19:03:46.700914
مامعنى رقم 2بالفرانكو,,,youtube__BElKjt1NBE,,false,2026-04-03T19:03:46.700914
"2 = ء
3  ع
4    غ
5.    خ
6      ط
7.      ه
8.       ق
9.    ص
بس كده 😂❤❤",,,youtube__BElKjt1NBE,,false,2026-04-03T19:03:46.701915
3am a6bo5,,,youtube__BElKjt1NBE,,false,2026-04-03T19:03:46.701915
"لا ق هي 2
و ش هي 4",,,youtube__BElKjt1NBE,,false,2026-04-03T19:03:46.701915
"غلط تقريبا
9=ق
6=ط
7=ح
3=ع
5=خ
8=غ
ص ما عندها و غالبا نستعمل s لانو نفسو 
BrB شوي و راجع لك
U انت
B4 قبل
TYSM شكرا مرة
TY شكرا لك 
Bro اخ
و kol 5ara يعني كل عسل 🧢😮‍💨",,,youtube__BElKjt1NBE,,false,2026-04-03T19:03:46.701915
Ana hk b7ki ya 3mo,,,youtube__BElKjt1NBE,,false,2026-04-03T19:03:46.701915
ق = 8 كيف 4,,,youtube__BElKjt1NBE,,false,2026-04-03T19:03:46.701915
8:ق,,,youtube__BElKjt1NBE,,false,2026-04-03T19:03:46.701915
Alga helwa awe bas ana m3rfsh atklm degas koes awe,,,youtube__BElKjt1NBE,,false,2026-04-03T19:03:46.701915
"Tnk 2stafadit kteeer bas fy kaman  2=أ.     
7 = ح",,,youtube__BElKjt1NBE,,false,2026-04-03T19:03:46.701915
7بيبي 4لبي,,,youtube__BElKjt1NBE,,false,2026-04-03T19:03:46.701915
6EZE,,,youtube__BElKjt1NBE,,false,2026-04-03T19:03:46.701915
(4ق 6ط 9ص 3ع) شويه ورجعلك BrB / انت = u  / شكرا =tnk / اخي = bro,,,youtube__BElKjt1NBE,,false,2026-04-03T19:03:46.701915
شكرا 7بيبي 4لبي ❤,,,youtube__BElKjt1NBE,,false,2026-04-03T19:03:47.608763
7alo😮,,,youtube__BElKjt1NBE,,false,2026-04-03T19:03:47.608763
3amr,,,youtube__BElKjt1NBE,,false,2026-04-03T19:03:47.608763
"3=ع
4=ق
5=خ
6=ط
8=غ
9=ص",,,youtube__BElKjt1NBE,,false,2026-04-03T19:03:47.608763
Ana t3lmt mnk hskran ❤🎉,,,youtube__BElKjt1NBE,,false,2026-04-03T19:03:47.608763
"فعلة خير
3 ع
4 ق
5 خ
6 ط
8غ
9ص",,,youtube__BElKjt1NBE,,false,2026-04-03T19:03:47.608763
"1_ي 
2_آ
3_ع 
4_ث
 5_خ
 7_ح 
8_غ
 9_ق
كذا تنكتب",,,youtube__BElKjt1NBE,,false,2026-04-03T19:03:47.608763
مين جاي 2023😂,,,youtube__BElKjt1NBE,,false,2026-04-03T19:03:47.608763
خطا 4 هي ف و 8 هي ق,,,youtube__BElKjt1NBE,,false,2026-04-03T19:03:47.608763
Kol 5ara,,,youtube__BElKjt1NBE,,false,2026-04-03T19:03:47.608763
"7bebte al4eura 
🤞🏽😍",,,youtube__BElKjt1NBE,,false,2026-04-03T19:03:47.608763
"3ع
4ق
5خ
6ط
8غ
9ص",,,youtube__BElKjt1NBE,,false,2026-04-03T19:03:47.608763
"راك غالط 
9👉 ق",,,youtube__BElKjt1NBE,,false,2026-04-03T19:03:47.608763
wallahe kter 7lo,,,youtube__BElKjt1NBE,,false,2026-04-03T19:03:47.608763
ايش يعني 59s,,,youtube__BElKjt1NBE,,false,2026-04-03T19:03:47.608763
tab walahy anta gamd yasta5,,,youtube__BElKjt1NBE,,false,2026-04-03T19:03:47.608763
"5=خ
3=ع
ط=6
غ=8
ص 9",,,youtube__BElKjt1NBE,,false,2026-04-03T19:03:47.608763
A=2,,,youtube__BElKjt1NBE,,false,2026-04-03T19:03:47.608763
3ع. 4ق.5خ.6ط.8غ. 9ص.,,,youtube__BElKjt1NBE,,false,2026-04-03T19:03:47.608763
Ana b7ke hk,,,youtube__BElKjt1NBE,,false,2026-04-03T19:03:47.608763
Ana esmy noor,,,youtube__BElKjt1NBE,,false,2026-04-03T19:03:47.608763
و الرقم 7 شو يعني♥️🇩🇿,,,youtube__BElKjt1NBE,,false,2026-04-03T19:03:47.608763
"3=ع
4=ق
5=خ
6=ط
8=غ
9=ص",,,youtube__BElKjt1NBE,,false,2026-04-03T19:03:47.608763
"7 ح
3 ع
8 ق او غ
9 ص
6 ط
4 ش او ث
2 همزه
Tnk شكراً
brb شوي وراجعلك
Bro اخوك او صاحبك",,,youtube__BElKjt1NBE,,false,2026-04-03T19:03:47.608763
W 2 أ,,,youtube__BElKjt1NBE,,false,2026-04-03T19:03:47.608763
"3 ع 
4ق 
5خ
6ط
8غ
9ص
brb شويه وراجعلك 
u انت 
اخوك او صحبك Bro
شكرا Tnk",,,youtube__BElKjt1NBE,,false,2026-04-03T19:03:47.608763
"3 عين
4 قاف
5 خ
6 ط
8 غ
9 ص
BrB : شوية وراجعلك
U : انت
شكرا: Tnk",,,youtube__BElKjt1NBE,,false,2026-04-03T19:03:47.608763
Tnk Ana at3lmt kol 7aga,,,youtube__BElKjt1NBE,,false,2026-04-03T19:03:47.608763
"3=ع
4=ق
5=خ
6=ط
غ=8
ص =9",,,youtube__BElKjt1NBE,,false,2026-04-03T19:03:47.608763
في 7 بالمثال حرف ح,,,youtube__BElKjt1NBE,,false,2026-04-03T19:03:47.608763
Sh5barrk sadeke hatehe algua ra31h jdan jdan oa tnk u la8l t3leme hathehe algua,,,youtube__BElKjt1NBE,,false,2026-04-03T19:03:47.608763
Kol z8😂😂,,,youtube__BElKjt1NBE,,false,2026-04-03T19:03:47.608763
8reb,,,youtube__BElKjt1NBE,,false,2026-04-03T19:03:47.608763
"3 ع
4 ق
5 خ
6 ط
8 غ
9 ص
7 ح",,,youtube__BElKjt1NBE,,false,2026-04-03T19:03:47.608763
L8tna hhhh,,,youtube__BElKjt1NBE,,false,2026-04-03T19:03:47.608763
"2 = همزة مثل كلمة سؤال تكتب so2al وكلمة سبأ تكتب saba2
3 = ع ويمكن كتابة حرف غ بالشكل التالي '3
6 = ط
4 = ش
7 = ح
5 = خ ويمكن أن تكتب '7 أو kh
8 = ق
9 = ص
9'= dad arabizi أما ما عدا ذلك فيكتب بتغيير الحرف العربي بمقابل من اللاتيني. وفي ما يلي الأبجدية العربية مع مقابل كل حرف:
ا = a
ب = b
ت = t
ث = 't كما ويمكن استعمال الثاء الانكلزيية المركبه th
ج = j
ح = 7
خ = 5 أو '7 أو kh
د = d
ذ = 'd
ر = r
ز = z
س = s
ش = ^s ويمكن ان تكتب sh أو ch أو $
ص = 9 أو S مع مراعاة الحالة الكبيرة للحرف اللاتيني
ض = '9 أو ممكن ان تكتب D مع مراعاة الحالة الكبيرة للحرف اللاتيني
ط = 6
ظ = '6 أو ممكن Z مع مراعاة الحالة الكبيرة للحرف اللاتين
ع = 3
غ = '3 أو ممكن أن تكتب gh مثال بغداد: Baghdad
ف = f
ق = 8 أو ممكن أن تكتب q
ك = k
ل = l
م = m
ن = n
ه = h
و= w كما تستعمل o وذلك حسب قوة الواو في الكلمة
ي = i وفي حالة الياء الخفيفة يستخدم e وفي حالة وقوعها في نهاية العبارة يستخدم Y",,,youtube__BElKjt1NBE,,false,2026-04-03T19:03:47.608763
4=ث/9=ق,,,youtube__BElKjt1NBE,,false,2026-04-03T19:03:47.608763
"8غ
7ح
5خ
3ع
2أ
هدول هنن الصحيحين ويلي بالفيد نصو غلط وتأليف غلط مش صحيحين 🙂👍💔",,,youtube__BElKjt1NBE,,false,2026-04-03T19:03:47.608763
8ane,,,youtube__BElKjt1NBE,,false,2026-04-03T19:03:47.608763
6amer,,,youtube__BElKjt1NBE,,false,2026-04-03T19:03:47.608763
5haled,,,youtube__BElKjt1NBE,,false,2026-04-03T19:03:47.608763
5s,,,youtube__BElKjt1NBE,,false,2026-04-03T19:03:47.608763
3nta 4mr,,,youtube__BElKjt1NBE,,false,2026-04-03T19:03:47.608763
Gamed fash5,,,youtube__BElKjt1NBE,,false,2026-04-03T19:03:47.608763
"3 = ع
4=ق
5=خ
6=ط
8=غ
9=ص",,,youtube__BElKjt1NBE,,false,2026-04-03T19:03:47.608763
غ=8,,,youtube__BElKjt1NBE,,false,2026-04-03T19:03:47.608763
ط=6,,,youtube__BElKjt1NBE,,false,2026-04-03T19:03:47.608763
و7 شو,,,youtube__BElKjt1NBE,,false,2026-04-03T19:03:47.608763
7:ح,,,youtube__BElKjt1NBE,,false,2026-04-03T19:03:47.608763
"ال7=ح
كتابتك غلط 
وحرف الخاء= '7",,,youtube__BElKjt1NBE,,false,2026-04-03T19:03:47.608763
Klo 8lt,,,youtube__BElKjt1NBE,,false,2026-04-03T19:03:47.608763
"1: ي  ؛  2 أ؛  3 ع؛  4 ث 
5 خ؛  7 ح؛  8 غ؛  9 ق ذي كتابة صحيحة",,,youtube__BElKjt1NBE,,false,2026-04-03T19:03:48.357669
"4=ش
8 و3 =غ",,,youtube__BElKjt1NBE,,false,2026-04-03T19:03:48.357669
طب 2,,,youtube__BElKjt1NBE,,false,2026-04-03T19:03:48.357669
أنت  جاد3,,,youtube__BElKjt1NBE,,false,2026-04-03T19:03:48.357669
el 3e4kلو سمحت حد عارف معنا الكلمه دي,,,youtube__BElKjt1NBE,,false,2026-04-03T19:03:48.357669
ال غ '3 🌞💔,,,youtube__BElKjt1NBE,,false,2026-04-03T19:03:48.357669
8 ق,,,youtube__BElKjt1NBE,,false,2026-04-03T19:03:48.357669
ال س مش 9,,,youtube__BElKjt1NBE,,false,2026-04-03T19:03:48.357669
M9h5a43f,,,youtube__BElKjt1NBE,,false,2026-04-03T19:03:48.357669
4kan l2k,,,youtube_GJVj5WCYuFA,,false,2026-04-03T19:03:49.847781
2lslam 3lkom,,,youtube_GJVj5WCYuFA,,false,2026-04-03T19:03:49.847781
ana n3ref nktb jit ntakad mn chi klmat brk mrsi 3omi😘😘😘😘😘😘😘😘😝,,,youtube_GJVj5WCYuFA,,false,2026-04-03T19:03:49.847781
Aweee ana astaphdt gdan menk w 4okran like gdan,,,youtube_GJVj5WCYuFA,,false,2026-04-03T19:03:49.847781
Video g2amel awe 2n2 et3lemt ez2ye akteb franko,,,youtube_GJVj5WCYuFA,,false,2026-04-03T19:03:49.847781
Ana el 9era7a estaft gadn mn el 4ar7 die aweee 4okran leky gadn,,,youtube_GJVj5WCYuFA,,false,2026-04-03T19:03:49.847781
2na b3rf el l8a bs bdi tdrib aktr,,,youtube_GJVj5WCYuFA,,false,2026-04-03T19:03:49.847781
Lik so2al sho 3m t3mil  ya 5ayai,,,youtube_GJVj5WCYuFA,,false,2026-04-03T19:03:49.847781
gamed bas el 2eraya sa3ba neek,,,youtube_GJVj5WCYuFA,,false,2026-04-03T19:03:49.847781
4okran 2la 2l 4arih 2l s2hil❤,,,youtube_GJVj5WCYuFA,,false,2026-04-03T19:03:49.847781
8arebh alns bt3rf ttklm kdh?,,,youtube_GJVj5WCYuFA,,false,2026-04-03T19:03:49.847781
Ktir sa7le,,,youtube_GJVj5WCYuFA,,false,2026-04-03T19:03:49.847781
4krn ana kont mstneh al7l9h de kter w adene ktbt Franco mn t3lemk❤😂,,,youtube_GJVj5WCYuFA,,false,2026-04-03T19:03:49.847781
‏‪3:17‬‏ يجماعة ان شاء الله كده مش (انشاء الله),,,youtube_GJVj5WCYuFA,,false,2026-04-03T19:03:49.847781
7lha,,,youtube_GJVj5WCYuFA,,false,2026-04-03T19:03:49.847781
5la9 ya z7 t3yoo 😂 ni nsii lda t3lmt 😂,,,youtube_GJVj5WCYuFA,,false,2026-04-03T19:03:49.847781
mne7 hek b9er 2ktb wma7da be3rf 4o 3m aktb,,,youtube_GJVj5WCYuFA,,false,2026-04-03T19:03:49.847781
2na kter bde 2t3lm he al l8a 4klha mne7a w ashl bs bt5rb6 al wa 7d,,,youtube_GJVj5WCYuFA,,false,2026-04-03T19:03:49.847781
9/ق,,,youtube_GJVj5WCYuFA,,false,2026-04-03T19:03:49.847781
4arr7k kteer kwes,,,youtube_GJVj5WCYuFA,,false,2026-04-03T19:03:49.847781
bgd fhmt kol 7aga loolll,,,youtube_GJVj5WCYuFA,,false,2026-04-03T19:03:49.847781
4okran bgad shar7 to7fa❤❤❤,,,youtube_GJVj5WCYuFA,,false,2026-04-03T19:03:49.847781
"3 =ع =A 
4 =ق =Q
5=خ =k
6 =ط = t
7 = ح = h 
8= غ =G
9=ص  = S",,,youtube_GJVj5WCYuFA,,false,2026-04-03T19:03:49.847781
2stafdt 2w9 merci pgd,,,youtube_GJVj5WCYuFA,,false,2026-04-03T19:03:49.847781
Kl sana wnti 6eba 3a2bal melyon sana ya 7abebti,,,youtube_GJVj5WCYuFA,,false,2026-04-03T19:03:49.847781
البارادعي ‏‪2:04‬‏,,,youtube_GJVj5WCYuFA,,false,2026-04-03T19:03:49.847781
ترا 9 حرف ص,,,youtube_GJVj5WCYuFA,,false,2026-04-03T19:03:49.847781
n7bik,,,youtube_GJVj5WCYuFA,,false,2026-04-03T19:03:49.847781
5:22 RIP → rest in peace,,,youtube_GJVj5WCYuFA,,false,2026-04-03T19:03:49.847781
Shar7 sa7l wlaziz,,,youtube_GJVj5WCYuFA,,false,2026-04-03T19:03:49.847781
Begad ente jamela 2we we 4akran le 7dratak,,,youtube_GJVj5WCYuFA,,false,2026-04-03T19:03:49.847781
Kol sana wenta taib we 3o2bal milion sana ❤❤,,,youtube_GJVj5WCYuFA,,false,2026-04-03T19:03:49.847781
4kran ya 2lbe 2stafadt mn el fadue ‏‪4:,,,youtube_GJVj5WCYuFA,,false,2026-04-03T19:03:49.847781
ea2brbe,,,youtube_GJVj5WCYuFA,,false,2026-04-03T19:03:49.847781
shokran ya 2alby estfat men el vedio da😍❤️,,,youtube_GJVj5WCYuFA,,false,2026-04-03T19:03:49.847781
ana 3yez el malaf da,,,youtube_GJVj5WCYuFA,,false,2026-04-03T19:03:49.847781
7elm,,,youtube_GJVj5WCYuFA,,false,2026-04-03T19:03:49.847781
ق=9,,,youtube_GJVj5WCYuFA,,false,2026-04-03T19:03:49.847781
رقم 9، ص،  و,,,youtube_GJVj5WCYuFA,,false,2026-04-03T19:03:49.848767
Bsraha ana ba7b al8a de awi w shkran 🌞✨,,,youtube_GJVj5WCYuFA,,false,2026-04-03T19:03:49.848767
9raha mara sahl 😭😭,,,youtube_GJVj5WCYuFA,,false,2026-04-03T19:03:49.848767
L3h shlh gbnnnn,,,youtube_GJVj5WCYuFA,,false,2026-04-03T19:03:49.848767
shr7 jda mufed.. tslm ediki ❤,,,youtube_GJVj5WCYuFA,,false,2026-04-03T19:03:49.848767
‏‪2:58‬‏ يا جماعه انتبهو متكتبوش ان شاء الله والحمدلله بالفرانكو عشان حرام مينفعش وكمان كلام ربنا مينفعش برضو نكتبو بالفرانكو، والدال ع الخير كفاعله❤,,,youtube_GJVj5WCYuFA,,false,2026-04-03T19:03:49.848767
Bg2ad hlow 2wy,,,youtube_GJVj5WCYuFA,,false,2026-04-03T19:03:49.848767
Rabina yebarklk 5litiny a3raf izay atkalem franko,,,youtube_GJVj5WCYuFA,,false,2026-04-03T19:03:49.848767
9=ص؟,,,youtube_GJVj5WCYuFA,,false,2026-04-03T19:03:49.848767
ممكن سؤال دلوقتي رقم 8 ده فى ناس بتكتبو ق مش غ انهى الصح و رقم 9 الناس بتكتبو ص على فكره + شكرا على الشرح ❤,,,youtube_GJVj5WCYuFA,,false,2026-04-03T19:03:49.848767
kol sana W enta Taib w 3o2bal million sana,,,youtube_GJVj5WCYuFA,,false,2026-04-03T19:03:49.848767
9=ص,,,youtube_GJVj5WCYuFA,,false,2026-04-03T19:03:49.848767
ana 9rt 8enya bl m3lomat bfdlk,,,youtube_GJVj5WCYuFA,,false,2026-04-03T19:03:49.848767
4kran 3ala 4ar7k a7bk,,,youtube_GJVj5WCYuFA,,false,2026-04-03T19:03:49.848767
Ana b7b alfrnkw aoy,,,youtube_GJVj5WCYuFA,,false,2026-04-03T19:03:49.848767
ana ba7b hl l8h o3m at3lamha,,,youtube_GJVj5WCYuFA,,false,2026-04-03T19:03:49.848767
Marah mr7h o 7lo,,,youtube_GJVj5WCYuFA,,false,2026-04-03T19:03:49.848767
a7snty shr7 7lw wmf9l bs 3ndy t3ly8 fy fr8 blhjh mthln fy m9r bytklmw 3'yr yly fy alm3'rb aw albnan aw twns bs ana bktwb 7sb lhjty y3ny fy shwy fr8 bs mw ktyrr btwfy8,,,youtube_GJVj5WCYuFA,,false,2026-04-03T19:03:49.848767
"kol sana w enta taib w3o2bal milion sana 
كتبته من قبل ما تكتبيها",,,youtube_GJVj5WCYuFA,,false,2026-04-03T19:03:50.673884
Sahl ay 3la fkra,,,youtube_GJVj5WCYuFA,,false,2026-04-03T19:03:50.673884
4r5 mofid,,,youtube_GJVj5WCYuFA,,false,2026-04-03T19:03:50.673884
7LOA AL8A DEY,,,youtube_GJVj5WCYuFA,,false,2026-04-03T19:03:50.673884
sahla gd2 3lfkre+2habeka 💕,,,youtube_GJVj5WCYuFA,,false,2026-04-03T19:03:50.673884
4krn bgd veido ra23,,,youtube_GJVj5WCYuFA,,false,2026-04-03T19:03:50.673884
"علفكرة رقم  9 = حرف (ص)  .. 
وشكرا علي مجهودك العظيم ♥♥♥",,,youtube_GJVj5WCYuFA,,false,2026-04-03T19:03:50.673884
7lw estmery,,,youtube_GJVj5WCYuFA,,false,2026-04-03T19:03:50.673884
"9= ق مثلا 
دقيقة :d9i9a ☺",,,youtube_GJVj5WCYuFA,,false,2026-04-03T19:03:50.673884
2ء,,,youtube_GJVj5WCYuFA,,false,2026-04-03T19:03:50.673884
M4 ellmafrod in 9=ص,,,youtube_GJVj5WCYuFA,,false,2026-04-03T19:03:50.673884
7alo ❤,,,youtube_GJVj5WCYuFA,,false,2026-04-03T19:03:50.673884
Shokran 3la El shar7 El gamel w El sahl 👍,,,youtube_GJVj5WCYuFA,,false,2026-04-03T19:03:50.673884
Sa7 ana b7b7a awyy,,,youtube_GJVj5WCYuFA,,false,2026-04-03T19:03:50.673884
"S =2 بهذه اللغة بالانجليزي ؟
يعني a2eel=aseel 
و 0=o.  صح؟؟",,,youtube_GJVj5WCYuFA,,false,2026-04-03T19:03:50.673884
7alo awy el4r7 da,,,youtube_GJVj5WCYuFA,,false,2026-04-03T19:03:50.673884
4kran gadn 3shan ana bkat a3rf atklm,,,youtube_GJVj5WCYuFA,,false,2026-04-03T19:03:50.673884
"𝑌𝑎𝑙𝑎ℎ𝑤𝑖 𝑎𝑙𝑣𝑖𝑑 𝑏𝑎2𝑎𝑙𝑜 5 𝑠𝑒𝑛𝑒𝑛 
𝐴𝑤𝑙 𝑚𝑎𝑟𝑎 𝑎𝑘𝑡𝑒𝑏 𝑓𝑟𝑎𝑛𝑘𝑜 𝑠𝑜 ℎ𝑎𝑝𝑝𝑦😁",,,youtube_GJVj5WCYuFA,,false,2026-04-03T19:03:50.673884
الله يعطيكي العافيه يارب بس في 9 ص ول 4ق وش,,,youtube_GJVj5WCYuFA,,false,2026-04-03T19:03:50.673884
4akarn 2wyyyyy❤,,,youtube_GJVj5WCYuFA,,false,2026-04-03T19:03:50.673884
L8a koaeca,,,youtube_GJVj5WCYuFA,,false,2026-04-03T19:03:50.673884
Shl gdaaaaa Ana b3rf 4oy 4oy,,,youtube_GJVj5WCYuFA,,false,2026-04-03T19:03:50.673884
4okran sa3dteny gedan هل كتبتها صح 😂😂,,,youtube_GJVj5WCYuFA,,false,2026-04-03T19:03:50.673884
Wah4 2lkon,,,youtube_GJVj5WCYuFA,,false,2026-04-03T19:03:50.673884
L3'Ah shla gdan,,,youtube_GJVj5WCYuFA,,false,2026-04-03T19:03:50.673884
Ana 3arf oxb 3shan kda el franko da gamed fa45❤️,,,youtube_GJVj5WCYuFA,,false,2026-04-03T19:03:50.673884
So2al,,,youtube_GJVj5WCYuFA,,false,2026-04-03T19:03:50.673884
9 ص,,,youtube_GJVj5WCYuFA,,false,2026-04-03T19:03:50.673884
3saaaaaalll 😩💗,,,youtube_GJVj5WCYuFA,,false,2026-04-03T19:03:50.673884
2l8a de gmela,,,youtube_GJVj5WCYuFA,,false,2026-04-03T19:03:50.673884
Ba2t batkalm franko kois,,,youtube_GJVj5WCYuFA,,false,2026-04-03T19:03:50.673884
7lm,,,youtube_GJVj5WCYuFA,,false,2026-04-03T19:03:50.673884
msh3'wl,,,youtube_GJVj5WCYuFA,,false,2026-04-03T19:03:50.673884
abda3,,,youtube_GJVj5WCYuFA,,false,2026-04-03T19:03:50.673884
Ashal wa asr3 ktabh fy al chat,,,youtube_GJVj5WCYuFA,,false,2026-04-03T19:03:50.673884
kol sana wenta tayeb,,,youtube_GJVj5WCYuFA,,false,2026-04-03T19:03:50.673884
حرف ق 2,,,youtube_GJVj5WCYuFA,,false,2026-04-03T19:03:50.673884
Ba4ot fehm zay Carlos anzah wa7ed zay bekham,,,youtube_GJVj5WCYuFA,,false,2026-04-03T19:03:50.673884
Kol sana w anta taib w 3kbal kol sana,,,youtube_GJVj5WCYuFA,,false,2026-04-03T19:03:50.673884
رقم9 صاد,,,youtube_GJVj5WCYuFA,,false,2026-04-03T19:03:50.673884
9=ق,,,youtube_GJVj5WCYuFA,,false,2026-04-03T19:03:50.673884
27medm2gdy,,,youtube_GJVj5WCYuFA,,false,2026-04-03T19:03:50.673884
Ana 7betk awe ❤,,,youtube_GJVj5WCYuFA,,false,2026-04-03T19:03:50.673884
"2ء
3ع 
4 8 ش 
5  7خ 
6 ط 
7  ح 
3' 8 غ",,,youtube_GJVj5WCYuFA,,false,2026-04-03T19:03:50.673884
9: ق🌚🌚🌚,,,youtube_GJVj5WCYuFA,,false,2026-04-03T19:03:50.673884
Bgd 4okren awy ana kont m4 b3rf awy bgd 4okren 👀,,,youtube_GJVj5WCYuFA,,false,2026-04-03T19:03:50.673884
4kran pgb l2ky 2n2 2stft ktyyr,,,youtube_GJVj5WCYuFA,,false,2026-04-03T19:03:50.673884
"فاعل خير 😂
أءإ=2
ع=3
ش=4
خ=7-5
ط=6
ح=7
غ=8-3",,,youtube_GJVj5WCYuFA,,false,2026-04-03T19:03:51.563502
ana 20el marhh 2kteb feranko ba3b ma sma3t elvedio begad 4kran leke  ya gamela 😍,,,youtube_GJVj5WCYuFA,,false,2026-04-03T19:03:51.563502
"2 = ء 
3 = ع 
'3 = غ
4 = ذ
5 = خ
6 = ط
7 = ح 
8 = ق 
9 = ص
9' =ض
*هذني الصح 🙂💗*",,,youtube_GJVj5WCYuFA,,false,2026-04-03T19:03:51.563502
9=ص,,,youtube_GJVj5WCYuFA,,false,2026-04-03T19:03:51.563502
4okarn aweee 3la shr7 💙🥰.,,,youtube_GJVj5WCYuFA,,false,2026-04-03T19:03:51.563502
7alw awy,,,youtube_GJVj5WCYuFA,,false,2026-04-03T19:03:51.563502
alm9ryyn y7bwn ytklmwn kthyyyyyyyr lysh,,,youtube_GJVj5WCYuFA,,false,2026-04-03T19:03:51.563502
ana la a3rf kyf aktl6b bl3'h frankw,,,youtube_GJVj5WCYuFA,,false,2026-04-03T19:03:51.563502
9 حرف ال ص,,,youtube_GJVj5WCYuFA,,false,2026-04-03T19:03:51.563502
Begd enta 3sail Away❤️🧚🧚🧚🧚,,,youtube_GJVj5WCYuFA,,false,2026-04-03T19:03:51.563502
4okran 2wyyyy 2wyyy 3la el fedewo da la2nk 5leteny 2t3lem 2zay 2ktp Franko 4okrannnn 😿🤍🤍🤍🦋🦋🦋!.,,,youtube_GJVj5WCYuFA,,false,2026-04-03T19:03:51.563502
4kran bgad ana mknt4 a3rf franke,,,youtube_GJVj5WCYuFA,,false,2026-04-03T19:03:51.563502
4okran 3la elfranko,,,youtube_GJVj5WCYuFA,,false,2026-04-03T19:03:51.563502
8 ينفع (ق) ولا ايه؟,,,youtube_GJVj5WCYuFA,,false,2026-04-03T19:03:51.563502
6KrAn,,,youtube_GJVj5WCYuFA,,false,2026-04-03T19:03:51.563502
4kran ya 27la wa7da fi 2ldnya,,,youtube_GJVj5WCYuFA,,false,2026-04-03T19:03:51.563502
4okr2n,,,youtube_GJVj5WCYuFA,,false,2026-04-03T19:03:51.563502
7bbty 😭❤,,,youtube_GJVj5WCYuFA,,false,2026-04-03T19:03:51.563502
"Kif r7 atdarab 3la allu8a 🌚💔,, a7sha sa3be 🌚💔 mdri",,,youtube_GJVj5WCYuFA,,false,2026-04-03T19:03:51.563502
4kran awy ana kida ktapt sa7 wla 8lt  ?🙂💔,,,youtube_GJVj5WCYuFA,,false,2026-04-03T19:03:51.563502
W a5eera srt 23rf ha2’y 2l8h عارف الي كاتبه شعوذه بس سلكو😂😂,,,youtube_GJVj5WCYuFA,,false,2026-04-03T19:03:51.563502
4okrn 2wyyyyyyy,,,youtube_GJVj5WCYuFA,,false,2026-04-03T19:03:51.563502
بس رقم 9 بيرمز لل ص,,,youtube_GJVj5WCYuFA,,false,2026-04-03T19:03:51.563502
9 يعنى ص,,,youtube_GJVj5WCYuFA,,false,2026-04-03T19:03:51.563502
4kran 2we,,,youtube_GJVj5WCYuFA,,false,2026-04-03T19:03:51.563502
W Ana kaman,,,youtube_GJVj5WCYuFA,,false,2026-04-03T19:03:51.563502
ال 9 يكولون ص و ال 4 ق  🤍,,,youtube_GJVj5WCYuFA,,false,2026-04-03T19:03:51.563502
4okran leke gedan 3lmaghod ❤,,,youtube_GJVj5WCYuFA,,false,2026-04-03T19:03:51.563502
4okrn 2wy bgad,,,youtube_GJVj5WCYuFA,,false,2026-04-03T19:03:51.563502
1nte r23h gdaan🙁💞,,,youtube_GJVj5WCYuFA,,false,2026-04-03T19:03:51.563502
7azem,,,youtube_GJVj5WCYuFA,,false,2026-04-03T19:03:51.563502
Shkra ksera 3lmtene l8a jdeda,,,youtube_GJVj5WCYuFA,,false,2026-04-03T19:03:51.563502
El7,,,youtube_GJVj5WCYuFA,,false,2026-04-03T19:03:51.563502
4kra liky ya 7abibtyy😊,,,youtube_GJVj5WCYuFA,,false,2026-04-03T19:03:51.563502
2wel mara 2kteb franko,,,youtube_GJVj5WCYuFA,,false,2026-04-03T19:03:51.563502
4kran ana  7bet,,,youtube_GJVj5WCYuFA,,false,2026-04-03T19:03:51.563502
4kran all maghodk yaa 2lpy,,,youtube_GJVj5WCYuFA,,false,2026-04-03T19:03:51.563502
ana p7p al2rpe,,,youtube_GJVj5WCYuFA,,false,2026-04-03T19:03:51.563502
p7pk 2oy,,,youtube_GJVj5WCYuFA,,false,2026-04-03T19:03:51.563502
رقم9 حرف ص,,,youtube_GJVj5WCYuFA,,false,2026-04-03T19:03:51.563502
jmylh jda y 8lby 😂❤️,,,youtube_GJVj5WCYuFA,,false,2026-04-03T19:03:51.563502
هو 2 يعني همزة تمام بنكتب الa بقا,,,youtube_GJVj5WCYuFA,,false,2026-04-03T19:03:51.563502
2nty g2md2 . msa,,,youtube_GJVj5WCYuFA,,false,2026-04-03T19:03:51.563502
4okran  ❤ebda3,,,youtube_GJVj5WCYuFA,,false,2026-04-03T19:03:51.563502
Wollhe 3ane 6a3lm6 mank an6e  msa ❤️❤️❤️❤️❤️❤️❤️❤️❤️❤️❤️.,,,youtube_GJVj5WCYuFA,,false,2026-04-03T19:03:51.563502
4okran gdn Ana Kont  m7taga a3rf  Franko w  da kann a7sn fdyo  4ofto  4okran tany,,,youtube_GJVj5WCYuFA,,false,2026-04-03T19:03:51.563502
Ana nachti naheder biha m3a shabati f la inst8am,,,youtube_GJVj5WCYuFA,,false,2026-04-03T19:03:51.563502
so2al bas 6aleb ma4 sah,,,youtube_GJVj5WCYuFA,,false,2026-04-03T19:03:51.563502
4okran gamed kont m7taga at3lem franko f 2sra3 wa2t 4okran bgd,,,youtube_GJVj5WCYuFA,,false,2026-04-03T19:03:51.563502
هو انا لما اكتب محدش بكتبها كده ( ma7ade4 )؟؟,,,youtube_GJVj5WCYuFA,,false,2026-04-03T19:03:51.563502
4kran kter bs fe 4weyet e5telafat 3n el franko ele ana bst3mlo .,,,youtube_GJVj5WCYuFA,,false,2026-04-03T19:03:51.563502
mn 2mta b2a 2el 7 b2a خ??,,,youtube_GJVj5WCYuFA,,false,2026-04-03T19:03:51.563502
3na b3rf 5ol 7doul,,,youtube_GJVj5WCYuFA,,false,2026-04-03T19:03:51.563502
انا اصلا فاتح الفيديو ده علشان اعرف حرف ال6,,,youtube_GJVj5WCYuFA,,false,2026-04-03T19:03:51.563502
"فرانكوا كده
Slam 3lekom",,,youtube_GJVj5WCYuFA,,false,2026-04-03T19:03:51.563502
2HMD,,,youtube_GJVj5WCYuFA,,false,2026-04-03T19:03:51.563502
9 = ص,,,youtube_GJVj5WCYuFA,,false,2026-04-03T19:03:51.563502
2na 7beet 2lvdio 2uuu😍,,,youtube_GJVj5WCYuFA,,false,2026-04-03T19:03:51.563502
4okran awy et3alemt men 7adretek💓,,,youtube_GJVj5WCYuFA,,false,2026-04-03T19:03:51.563502
Thx ana ba7eb tare3at  alketaba de bgd🥺❤️,,,youtube_GJVj5WCYuFA,,false,2026-04-03T19:03:52.291534
El ferank ra7 tdey3  2l32r2be,,,youtube_GJVj5WCYuFA,,false,2026-04-03T19:03:52.291534
9 = ص,,,youtube_GJVj5WCYuFA,,false,2026-04-03T19:03:52.291534
7elm 7yaty 😢😢,,,youtube_GJVj5WCYuFA,,false,2026-04-03T19:03:52.291534
9=ص,,,youtube_GJVj5WCYuFA,,false,2026-04-03T19:03:52.291534
A7san veduo 4afto fe 7uaty 3an el franko ana maknt4 a3raf u3ne eh franko a9lan thnx 💖💖💖💖💖💖💖💖,,,youtube_GJVj5WCYuFA,,false,2026-04-03T19:03:52.291534
"8=ق
3'=غ",,,youtube_GJVj5WCYuFA,,false,2026-04-03T19:03:52.291534
"8=ق 
9=ص",,,youtube_GJVj5WCYuFA,,false,2026-04-03T19:03:52.291534
shkr2na gd2,,,youtube_GJVj5WCYuFA,,false,2026-04-03T19:03:52.291534
8 مو غ ق,,,youtube_GJVj5WCYuFA,,false,2026-04-03T19:03:52.291534
4okrn ya glpy knt m7taga 2t3lm franko gdn 34an 9o7aby beklmo kda kteer  y3ne w kda🌸,,,youtube_GJVj5WCYuFA,,false,2026-04-03T19:03:52.291534
4okr2n bg2d 2na  m2konte4 b23rf    2ktob franko kales b2s el 7amdolela7 el b2rka feky ❤️❤️❤️,,,youtube_GJVj5WCYuFA,,false,2026-04-03T19:03:52.291534
2h,,,youtube_GJVj5WCYuFA,,false,2026-04-03T19:03:52.291534
9-ص,,,youtube_GJVj5WCYuFA,,false,2026-04-03T19:03:53.035242
6eb a36kd 2ne fhm6,,,youtube_GJVj5WCYuFA,,false,2026-04-03T19:03:53.035242
2an makont4 ba3rf 2ktb franko 52Ls bs L2m2 2tfrgt 2Ly 2lv2dio b2yt 22rf 2ktb franko,,,youtube_GJVj5WCYuFA,,false,2026-04-03T19:03:53.035242
begad 2na 24krk 3la elvedyo dh❤❤ ana Knt mst8rabh ww za3lanh ene m4 fahmaha  delwa2te b2et a3raf atkalemha   kowas,,,youtube_GJVj5WCYuFA,,false,2026-04-03T19:03:53.035242
2na lasa p2t2lm gdid b2s astfat 4atir,,,youtube_GJVj5WCYuFA,,false,2026-04-03T19:03:53.035242
مش8=ق,,,youtube_GJVj5WCYuFA,,false,2026-04-03T19:03:53.035242
3ash gedn rbna y5leky 👌,,,youtube_GJVj5WCYuFA,,false,2026-04-03T19:03:53.035242
مشغول = ma43'ol,,,youtube_GJVj5WCYuFA,,false,2026-04-03T19:03:53.035242
9 ممكن تمشي واو,,,youtube_GJVj5WCYuFA,,false,2026-04-03T19:03:53.035242
3dai ana asst5tme ktirr btjnan,,,youtube_GJVj5WCYuFA,,false,2026-04-03T19:03:53.766490
"2na makont4 Ba3raf 2aktb Franko 5als BsB3d El Vedyo Da 2na 263lem6 kteer 2wee 💜
4okran Lake Begad 😍😘",,,youtube_GJVj5WCYuFA,,false,2026-04-03T19:03:53.766490
2 بتنطق ق برضو,,,youtube_GJVj5WCYuFA,,false,2026-04-03T19:03:53.766490
3njad   ra23,,,youtube_GJVj5WCYuFA,,false,2026-04-03T19:03:53.766490
Ba7Bk,,,youtube_GJVj5WCYuFA,,false,2026-04-03T19:03:53.766490
Kteeeer sahli😍😍😍wa 2na b7ib lo8a frako😙😙,,,youtube_GJVj5WCYuFA,,false,2026-04-03T19:03:53.766490
4okran keteer 2na kan nefsy 2t3lm 2kteb bel franko w estafadt 2wwwy  men el vedio da 💗😍😘,,,youtube_GJVj5WCYuFA,,false,2026-04-03T19:03:53.766490
7okrn,,,youtube_GJVj5WCYuFA,,false,2026-04-03T19:03:53.766490
Merse 2we leke,,,youtube_GJVj5WCYuFA,,false,2026-04-03T19:03:53.766490
"4okran ya fandem teslam yaarab kont me7taga 2t3lem franko fe 2sra3 wakt w da kan 2fdal Video et3almet meno❤
4okran mra tanya 🌚❤🌸",,,youtube_GJVj5WCYuFA,,false,2026-04-03T19:03:54.430075
4okran ala al5tma di,,,youtube_GJVj5WCYuFA,,false,2026-04-03T19:03:54.430075
9 يعني حرف ال ص,,,youtube_GJVj5WCYuFA,,false,2026-04-03T19:03:54.430075
ال9ص مثل 9ala2,,,youtube_GJVj5WCYuFA,,false,2026-04-03T19:03:54.430075
وال 9 ص,,,youtube_GJVj5WCYuFA,,false,2026-04-03T19:03:54.430075
4ar7ak gameel gedn begad estafat,,,youtube_GJVj5WCYuFA,,false,2026-04-03T19:03:55.070263
4kran 2wy,,,youtube_GJVj5WCYuFA,,false,2026-04-03T19:03:55.723857
MESH 3AYZAK TTKHD 🔥,,,youtube_In0z-c_OWsk,,false,2026-04-03T19:03:57.933629
MSH 3AYZK TTKHD😤🔥,,,youtube_In0z-c_OWsk,,false,2026-04-03T19:03:57.933629
MSH AAYZK TTKHD KHALES🦇,,,youtube_In0z-c_OWsk,,false,2026-04-03T19:03:57.933629
MSH 3AYZK TTKHD❌❌,,,youtube_In0z-c_OWsk,,false,2026-04-03T19:03:57.933629
abyo ha3hah3a3h matgnntsh,,,youtube_vPUegTEaetI,,false,2026-04-03T19:04:00.577011
جاي من 2025 التراك جامد فشخ,,,youtube_vPUegTEaetI,,false,2026-04-03T19:04:00.577011
2:20 بيتكلم علي مروان موسي صح,,,youtube_vPUegTEaetI,,false,2026-04-03T19:04:00.577011
"2:20
احا ابيو مسمبل تراك عايز فين بتاع بابلو❤",,,youtube_vPUegTEaetI,,false,2026-04-03T19:04:00.577011
Fanan tashkely,,,youtube_vPUegTEaetI,,false,2026-04-03T19:04:00.578011
1:27 الحته ديه جمده فشخ,,,youtube_vPUegTEaetI,,false,2026-04-03T19:04:01.426191
Good Abyusif I Abyusif  3ayzak Bas Mategganensh Happy Birthday 2024,,,youtube_vPUegTEaetI,,false,2026-04-03T19:04:01.426191
Fr3n was here,,,youtube_vPUegTEaetI,,false,2026-04-03T19:04:01.426191
فاااعم 😍✨ 1:35,,,youtube_vPUegTEaetI,,false,2026-04-03T19:04:01.426191
"ليه كده يا برووو جننتني والله 😂
صااايعه حركه ال808 الفالاول 😂🔥",,,youtube_vPUegTEaetI,,false,2026-04-03T19:04:02.280480
"01:48

سور القرآن وآيات ربنا مش ماتريال لريلكس تراكات الاغاني يسطااا",,,youtube_vPUegTEaetI,,false,2026-04-03T19:04:02.280480
اي التراك ده يجدع ده مش تراك ده صداع من العظمة ماشاء الله وبالذات الحتة دي 1:50 الجزئية بتاعت هيثم دي مش طبيعية,,,youtube_vPUegTEaetI,,false,2026-04-03T19:04:02.280480
لما الواحد يروح يسمع أبيوسف عشان يغيرله المود بعد ما خرجنا من كأس الأمم الأفريقية 2024,,,youtube_vPUegTEaetI,,false,2026-04-03T19:04:02.280480
"""haytham msh zaki haytham 3amel 3'abi"" fhmt?",,,youtube_vPUegTEaetI,,false,2026-04-03T19:04:02.280480
1:49  سورة يا ابيو مو صورة😂,,,youtube_vPUegTEaetI,,false,2026-04-03T19:04:02.280480
A7a,,,youtube_vPUegTEaetI,,false,2026-04-03T19:04:03.088896
HYTHAM BYMSEE 3L MEXICO 🇲🇽 💜💜💜,,,youtube_vPUegTEaetI,,false,2026-04-03T19:04:03.088896
معتم 777قائد كتبيه,,,youtube_vPUegTEaetI,,false,2026-04-03T19:04:04.567501
Abyuu fo2 agmaad rapperr keda keda ♥️♥️🔥🔥🔥🔥,,,youtube_vPUegTEaetI,,false,2026-04-03T19:04:04.568676
"rabi yarhm khwetna li mchew 🙏🏻
Merci boucoup ness lkoll ❤️
Nhbkom twaslouha l l3alam lkol 🌍🔥",,,youtube_LBFcZE8N8NI,,false,2026-04-03T19:04:06.290628
الله يرحمك خويا العزيز اسلام 💔💔05-11-2024 أبشع يوم فالحياة,,,youtube_LBFcZE8N8NI,,false,2026-04-03T19:04:06.290628
D3iwo lsahbti berahma🥹,,,youtube_LBFcZE8N8NI,,false,2026-04-03T19:04:06.290628
مصري جاي في 2026,,,youtube_LBFcZE8N8NI,,false,2026-04-03T19:04:06.290628
Barcha i7ses  💕🔥,,,youtube_LBFcZE8N8NI,,false,2026-04-03T19:04:06.290628
شكون جاا يسمعها في 2026/03/28,,,youtube_LBFcZE8N8NI,,false,2026-04-03T19:04:06.290628
الغناية تفكرني في صديقتي الا انتحرت بسبب كلام الناس عندها اليوم 5سنين و9شهور و17يوم😢😢 الله يرحمها,,,youtube_LBFcZE8N8NI,,false,2026-04-03T19:04:06.290628
"25/07/2024 
Rabi yarhmak narimane khti 💔😭😭😭 tog3di tjr fi bali mnansakch khti mnanskch",,,youtube_LBFcZE8N8NI,,false,2026-04-03T19:04:06.290628
من يسمعها 2026,,,youtube_LBFcZE8N8NI,,false,2026-04-03T19:04:06.290628
كنت نسمعها ونتأثر وانا ماني فاقدة حتى انسان عزيز عليا وليوم نسمع فيها وانا فاقدة اهم شخص في حياتي سندي وكتافي بابا حبيبي ربي يرحمك يالغالي توفى يوم13اكتوبر 2025بين ظهر وعصر بمرض سرطان اه ياقلبي تكويت على عز قلبي😭,,,youtube_LBFcZE8N8NI,,false,2026-04-03T19:04:06.290628
ادعو لأخي بالدعاء توفى في حادث هو و زوج صحابه  غ صغير ولده عنده 15 ملي زاد مفرحش بيه ڨاع راني محروقة عليك اخي وحبيبي وسندي ربي يرحمك ويجعلك من أهل الجنة,,,youtube_LBFcZE8N8NI,,false,2026-04-03T19:04:06.290628
جيش 2026❤😂🎉,,,youtube_LBFcZE8N8NI,,false,2026-04-03T19:04:06.290628
صاحبي مات اليوم 12مارس في رمضان ادعوله برحمة,,,youtube_LBFcZE8N8NI,,false,2026-04-03T19:04:06.290628
12 مارس 2025 شكون مزال يسمع فيها 🇩🇿🇩🇿🇩🇿❤❤❤,,,youtube_LBFcZE8N8NI,,false,2026-04-03T19:04:06.290628
22/2/2026 ربي يرحمك يا أحمد,,,youtube_LBFcZE8N8NI,,false,2026-04-03T19:04:06.290628
الاتنين/ 09 /مارس /رمضان/ مقابل لبحر ونسمع فيها 😢😢,,,youtube_LBFcZE8N8NI,,false,2026-04-03T19:04:06.290628
مين بيسمع في رمضان  يوم 10رمضان 2026😢😢,,,youtube_LBFcZE8N8NI,,false,2026-04-03T19:04:07.086155
MEROCCO HADER HENA 2026,,,youtube_LBFcZE8N8NI,,false,2026-04-03T19:04:07.086155
lah ira7mk khoya 18/08/2023,,,youtube_LBFcZE8N8NI,,false,2026-04-03T19:04:07.086155
مزلت نبكي على صاحبي لي عنده 21 سنة,,,youtube_LBFcZE8N8NI,,false,2026-04-03T19:04:07.086155
Wa3r 😊😊❤,,,youtube_LBFcZE8N8NI,,false,2026-04-03T19:04:07.086155
يا رب انا جدة متة الاحد14ديسمبر2525 ادعوله في التعليقات😢😢😢😢😢😢😢❤❤❤❤,,,youtube_LBFcZE8N8NI,,false,2026-04-03T19:04:07.086155
شكون جا يتفرج 12/2/2026😢,,,youtube_LBFcZE8N8NI,,false,2026-04-03T19:04:07.086155
Rabbi yr7m sa7bk ana tan sa7bi mat 😢,,,youtube_LBFcZE8N8NI,,false,2026-04-03T19:04:07.086155
شكون جا 11فيفري 2026❤,,,youtube_LBFcZE8N8NI,,false,2026-04-03T19:04:07.086155
Sahbi Howa Baba Llah irahmo o irham jami3 lmouslimine 🤲🙏❤️,,,youtube_LBFcZE8N8NI,,false,2026-04-03T19:04:07.086155
اللهم ارحم أخي سعيد، مات مغدورا  2019,,,youtube_LBFcZE8N8NI,,false,2026-04-03T19:04:07.086155
مني جاي 8/2/2026😢,,,youtube_LBFcZE8N8NI,,false,2026-04-03T19:04:07.086155
نسمع فيها ونبكي تذكرت زميلي في الدراسة توفى في حادث عمره 24 سنة كان انسان طيب ربي يرحمه 🤲😞😭😭😭😭😭😭😭,,,youtube_LBFcZE8N8NI,,false,2026-04-03T19:04:07.086155
21/05/2020 موتك جات على غفلة ربي يرحمك خويا,,,youtube_LBFcZE8N8NI,,false,2026-04-03T19:04:07.898531
جايه نسمعها بعد موت سيف الاسلام 💔😭3/2/2026,,,youtube_LBFcZE8N8NI,,false,2026-04-03T19:04:07.898531
شكو راهو يتفرج فيها من الجزائر اليوم 2026,,,youtube_LBFcZE8N8NI,,false,2026-04-03T19:04:07.898531
أول مرة أسمعها في عام 2026❤❤😢,,,youtube_LBFcZE8N8NI,,false,2026-04-03T19:04:07.898531
2006 يزيني عمري 50 سنة صاحبي يزيني.,,,youtube_LBFcZE8N8NI,,false,2026-04-03T19:04:07.898531
شكون لي اسمعھا من 2026🇲🇦❤🇹🇳,,,youtube_LBFcZE8N8NI,,false,2026-04-03T19:04:07.898531
أنا نسمع فاها درك 2026/02/01,,,youtube_LBFcZE8N8NI,,false,2026-04-03T19:04:07.898531
راني نسمع فيها 2027,,,youtube_LBFcZE8N8NI,,false,2026-04-03T19:04:07.898531
ياخي 😢😢😢😢😢  25 جويلية  2026 على الساعة لربعة ونص متاع لعشية 😢😢😢😢😢 صاحبي إنت في الدار الحق,,,youtube_LBFcZE8N8NI,,false,2026-04-03T19:04:07.898531
"شكون لي جا في 2026 ؟؟🎉
واو 🤩 عجبتني اغنية إدمان حرفي ❤",,,youtube_LBFcZE8N8NI,,false,2026-04-03T19:04:07.898531
ماي 2024 هناك تركت جزء من قلبي,,,youtube_LBFcZE8N8NI,,false,2026-04-03T19:04:07.898531
"الله يرحم والديك خويا خالد 

عندي صاحبي توفي في 2022

غناية لروح كل موتانا 😢😢😢🤲🤲🤲",,,youtube_LBFcZE8N8NI,,false,2026-04-03T19:04:07.898531
28/01/2026😢ربي يرحمك عمي لغالي,,,youtube_LBFcZE8N8NI,,false,2026-04-03T19:04:07.898531
"🇸🇴🇪🇹🇾🇪🇱🇾🇮🇹🇨🇭,ALX.FINLY,🇬🇧🤲.2026",,,youtube_LBFcZE8N8NI,,false,2026-04-03T19:04:07.898531
شكون مزال يسمع فيه 2026🇲🇷🇲🇷🇲🇷🇲🇷🇲🇷,,,youtube_LBFcZE8N8NI,,false,2026-04-03T19:04:08.792786
شكون لي جي 2026 /1/23😢❤,,,youtube_LBFcZE8N8NI,,false,2026-04-03T19:04:08.792786
Ana,,,youtube_LBFcZE8N8NI,,false,2026-04-03T19:04:08.792786
أنا.جيت.في.2026.20/1,,,youtube_LBFcZE8N8NI,,false,2026-04-03T19:04:08.792786
مين بيسمع معايا من مصر 🇪🇬❤❤2026,,,youtube_LBFcZE8N8NI,,false,2026-04-03T19:04:08.792786
جيت18/1/2026,,,youtube_LBFcZE8N8NI,,false,2026-04-03T19:04:08.792786
"Play JJ-DesFraayM-sTaä r i / >> Root:{Analytics & Kryptics} |1 rr t ^ ((/// ^*Unu-i Maker.Balance CU Maker FM Wars Sends bc1qmwpmulypjlrrrwxlqht4s088s9ldd6k5t4qlcx
FOR Politics Of Memorial Custody & Gray Verticals Of The Deceased In Most Countries Where It's A 'Who's In For A Tell' Fază.",,,youtube_LBFcZE8N8NI,,false,2026-04-03T19:04:08.792786
"3yina wlh 
Mouhim lichaf cmntr yastaghfar 
استغفرالله العظيم واتوب اليه 😢",,,youtube_LBFcZE8N8NI,,false,2026-04-03T19:04:08.792786
شكون يسمعها في 2026,,,youtube_LBFcZE8N8NI,,false,2026-04-03T19:04:08.792786
Alch yrhmk 5ouya lyoum tadou 3 snin ed3oulou brahma 💔❤️‍🩹,,,youtube_LBFcZE8N8NI,,false,2026-04-03T19:04:08.792786
13/1/2026 chakon li😊,,,youtube_LBFcZE8N8NI,,false,2026-04-03T19:04:08.792786
ولد جارتنا مات 12/1/2026 صغير عنده 18 😢 ربي يرحمه و يصبرنا و يصبر ميمته راهي محروقة عليه صحابه هوما دفنوه خلاهم و راح 🥺😓💔,,,youtube_LBFcZE8N8NI,,false,2026-04-03T19:04:08.792786
اليوم 13/1/2026 مجرووووووحة من عند اقرب الناس,,,youtube_LBFcZE8N8NI,,false,2026-04-03T19:04:08.792786
شكون 2026.1.13,,,youtube_LBFcZE8N8NI,,false,2026-04-03T19:04:09.625374
شكون بسمعها 2026🇩🇿♥🇹🇳,,,youtube_LBFcZE8N8NI,,false,2026-04-03T19:04:09.625374
من محبين بو سمحة الله يرحمو برحمته الواسعة ويسكنه فسيح جناته  هو لي جا 2026/1/1,,,youtube_LBFcZE8N8NI,,false,2026-04-03T19:04:09.625374
عادي صحبي مات 2022😢,,,youtube_LBFcZE8N8NI,,false,2026-04-03T19:04:09.625374
Aujourd'hui 12/01/202😢,,,youtube_LBFcZE8N8NI,,false,2026-04-03T19:04:09.625374
يارب ايطاليا 2026 🤲🏻🇮🇹,,,youtube_LBFcZE8N8NI,,false,2026-04-03T19:04:09.625374
"صاحبي العزيز تو...فى عام 2023 
😔😭😭😭😢 أدعو له بالرحمة .",,,youtube_LBFcZE8N8NI,,false,2026-04-03T19:04:09.625374
بانو هنا 2026😢😢,,,youtube_LBFcZE8N8NI,,false,2026-04-03T19:04:09.625374
اخي 😢😢😢😢😢 13اكتوبر 2025 علي 11/30ساعة😢😢😢😢😢 من هذك نهار قلبي موجع,,,youtube_LBFcZE8N8NI,,false,2026-04-03T19:04:09.625374
راني نسمع فيها 2026,,,youtube_LBFcZE8N8NI,,false,2026-04-03T19:04:09.625374
07|01|2026موت صديقتي😢😢😢😢,,,youtube_LBFcZE8N8NI,,false,2026-04-03T19:04:09.625374
شكون جا  5جانفي2026,,,youtube_LBFcZE8N8NI,,false,2026-04-03T19:04:10.406276
2026 شكون هنا,,,youtube_LBFcZE8N8NI,,false,2026-04-03T19:04:10.406276
اي واحد كيسمع الهاد الغنيه في 2026 ادخل عندي' يالله حطيت اغنيه حزينه 🎉😢😢,,,youtube_LBFcZE8N8NI,,false,2026-04-03T19:04:10.406276
Chkoun jee 2026😢😢😢,,,youtube_LBFcZE8N8NI,,false,2026-04-03T19:04:10.406276
شكون لي يسمع فيهآ 2026.1.3,,,youtube_LBFcZE8N8NI,,false,2026-04-03T19:04:10.406276
الي جاي 1/1/2026❤,,,youtube_LBFcZE8N8NI,,false,2026-04-03T19:04:11.124816
شكون جا 2026/1/1😢,,,youtube_LBFcZE8N8NI,,false,2026-04-03T19:04:11.124816
شكون راه يسمعها ف 2026😢,,,youtube_LBFcZE8N8NI,,false,2026-04-03T19:04:11.124816
أول واحد في 2026💔😭😭💔,,,youtube_LBFcZE8N8NI,,false,2026-04-03T19:04:11.124816
"31 ديسمبر 2025 
عييت ياربي حب نرتاح 3 سنين راحو من حياتي نسنى ف حاجة مكانش",,,youtube_LBFcZE8N8NI,,false,2026-04-03T19:04:11.124816
30/12/25🕊️💍 توحشتو نحبو لاخر عمري نعشق فيه و نموت يا ربي راني نحبو ❤,,,youtube_LBFcZE8N8NI,,false,2026-04-03T19:04:11.124816
Li jay min 30/12/25 y3ala9 😢💔,,,youtube_LBFcZE8N8NI,,false,2026-04-03T19:04:11.124816
شكون يسمع فيها اخر 2025,,,youtube_LBFcZE8N8NI,,false,2026-04-03T19:04:11.124816
2024/11/4 yar7em yassine 💔,,,youtube_LBFcZE8N8NI,,false,2026-04-03T19:04:11.880959
لي جاي من ❤2025/12/21❤ يعلق بي ❤ تحياتي ليكم خوتي 😢,,,youtube_LBFcZE8N8NI,,false,2026-04-03T19:04:11.880959
Llah yarhm ahsn sadi9a horya ma3mri nask llah yarhmak raki fal9lb raki fi 9albi yaji nahr ou natl9w ❤❤❤❤❤❤❤🌹🌹🌹🌹🌹🌹🌹🌹🌹 kant3db 3ala far9ak mais raki 3and rabi la3ziz,,,youtube_LBFcZE8N8NI,,false,2026-04-03T19:04:11.880959
شكون راه في 2026,,,youtube_LBFcZE8N8NI,,false,2026-04-03T19:04:11.880959
بعد 6 سنين ظلام وجيعة وأنا نبكي عليك,,,youtube_LBFcZE8N8NI,,false,2026-04-03T19:04:11.880959
2025/6/10💔🕊️الرحمة و الغفران,,,youtube_LBFcZE8N8NI,,false,2026-04-03T19:04:11.880959
من       يسمعها... 2026    !!_ .!😍.,,,youtube_LBFcZE8N8NI,,false,2026-04-03T19:04:11.880959
لي جاي 2025/12/24 دير تعليق ❤,,,youtube_LBFcZE8N8NI,,false,2026-04-03T19:04:12.586616
Sa7bi,,,youtube_LBFcZE8N8NI,,false,2026-04-03T19:04:12.586616
محمد 😭🥺😵💔💔💔🫂🫂🤕🥷🥷🥷🥷13+10زمن,,,youtube_LBFcZE8N8NI,,false,2026-04-03T19:04:12.586616
لي جاي من ❤2025/12/21❤ يعلق بي ❤ تحياتي ليكم خوتي 😢,,,youtube_LBFcZE8N8NI,,false,2026-04-03T19:04:12.586616
عشقي من ليبيا 2020 والان في بريطانيا 🇬🇧ولسع مازال نسمع فيها12/2025,,,youtube_LBFcZE8N8NI,,false,2026-04-03T19:04:13.268387
جزاءري 17ديسمبر2025,,,youtube_LBFcZE8N8NI,,false,2026-04-03T19:04:13.953743
"الله يرحمك الياس حرير خويا وصاحبي 😢
15/09/2025",,,youtube_LBFcZE8N8NI,,false,2026-04-03T19:04:14.683444
Wasal wasal 2026 shuqul nadiif 🫡,,,youtube_LBFcZE8N8NI,,false,2026-04-03T19:04:14.683444
جزائرية 10ديسمبر 2025,,,youtube_LBFcZE8N8NI,,false,2026-04-03T19:04:15.349489
Kahoya anass llh Rahamk tawahchatak bazafff😢😢😢,,,youtube_LBFcZE8N8NI,,false,2026-04-03T19:04:16.035600
مصري ديسمبر 2025,,,youtube_LBFcZE8N8NI,,false,2026-04-03T19:04:16.035600
د..طكمزتالبرةزظد.   .2024 دمكالااا😢😢😢😢. ظز❤❤❤❤,,,youtube_LBFcZE8N8NI,,false,2026-04-03T19:04:17.408157
شكون يسمع فيه في 2025🇲🇦,,,youtube_LBFcZE8N8NI,,false,2026-04-03T19:04:20.939217
حد هنا  2026❤❤❤😂😂😂,,,youtube_vLWi5r3bvwQ,,false,2026-04-03T19:04:22.739525
"اكتر اغنبه بهديها ل اغلى صحبه فحياتي و اختي و بنت خالتي رولا 
وقفت معي و حاربنا اهلينا عشان ما نفترق عن بعض حرفيا و كتير صار معي مشاكل عمرها ما تركتني او ‏‪ ‏‪1:15‬‏ مشين كدا بلحب حرفيااا بححبكك رولااا 😭😭😭💗💗💗💗💗💗💗💗",,,youtube_vLWi5r3bvwQ,,false,2026-04-03T19:04:22.740521
❤❤❤❤❤❤❤❤❤❤ ‏‪0:54‬‏ ‏‪0:56‬‏ ‏‪0:56‬‏ ‏‪0:56‬‏ ‏‪0:57‬‏ محمد,,,youtube_vLWi5r3bvwQ,,false,2026-04-03T19:04:22.740521
مين من 2026❤😂🎉,,,youtube_vLWi5r3bvwQ,,false,2026-04-03T19:04:23.538552
مين  ليسمع من      2026❤❤❤,,,youtube_vLWi5r3bvwQ,,false,2026-04-03T19:04:23.538552
مين بيسمع من 2026❤❤,,,youtube_vLWi5r3bvwQ,,false,2026-04-03T19:04:23.538552
مين بيسمعها 2026,,,youtube_vLWi5r3bvwQ,,false,2026-04-03T19:04:23.538552
Anyone in 2026? ❤,,,youtube_vLWi5r3bvwQ,,false,2026-04-03T19:04:23.538552
مين جاي من 2026,,,youtube_vLWi5r3bvwQ,,false,2026-04-03T19:04:24.330340
"Romanization

eh ya ‘amm da, mālha el-‘ālam barra ‘amleīn keda leh?
wana we enta ya sahbi, mālna mesh lāye‘īn keda leh?
mesh shabah en-nās di fi haga,
wala fāhmeīn menhom haga,
wala ‘ārefīn neslak wost el-hoga — han‘mel eh?

sahbi ya sahbi
enta elli lewahdak shabahi
da fi nās fi korūsh beta‘bi
we fi nās betensa terabbi

sahbi ya sahbi
enta elli ma’awwīli albi
enta elli sānedni we ganbi
we tōl ma enta ketf fi ketfi
ne’dar ‘a ed-donya, ne’dar ‘a ed-donya ya sahbi

ed-donya di tala‘et ‘a’sya ‘a’sāwa, we e’hna ya ‘eini ghalaba
wala ‘andena khet’a, wala sū’ niyya — we māshyīn keda bel-hobb
we bentellakkak ‘ala ed-do’hka, law teegi ma‘āna keda sekka
we iyyāk ed-donya teghayyar fīna teibat el-alb

sahbi ya sahbi
enta elli lewahdak shabahi
da fi nās fi korūsh beta‘bi
we fi nās betensa terabbi

sahbi ya sahbi
enta elli ma’awwīli albi
enta elli sānedni we ganbi
we tōl ma enta ketf fi ketfi
ne’dar ‘a ed-donya, ne’dar ‘a ed-donya ya sahbi
ya sahbi",,,youtube_vLWi5r3bvwQ,,false,2026-04-03T19:04:24.331434
رمضان 2025 😢🇲🇦🇪🇬,,,youtube_vLWi5r3bvwQ,,false,2026-04-03T19:04:25.216173
‏‪0:30‬‏ اجمل حته😊,,,youtube_vLWi5r3bvwQ,,false,2026-04-03T19:04:25.218257
اليوم 3 شهور وانا مو قادرة اكلمها 🦋🥺,,,youtube_vLWi5r3bvwQ,,false,2026-04-03T19:04:25.218257
مين 2025😂😂,,,youtube_vLWi5r3bvwQ,,false,2026-04-03T19:04:25.990204
Ana🎉,,,youtube_vLWi5r3bvwQ,,false,2026-04-03T19:04:25.991195
مين معايا 2025❤😂,,,youtube_vLWi5r3bvwQ,,false,2026-04-03T19:04:26.754039
"2025/7/5
1:49 Am أجتني من أحلى وحدة بالدنيا إذا شفتي الكومنت أحبج جدًا هواي وأني بدونج ولا شي زَوي🥹 مُستحيل رح أصادف وحدة مثلج مارح أكول صديقة لأن أنتِ مو صديقة أنتِ الروح ألي بية💙💙💙💙",,,youtube_vLWi5r3bvwQ,,false,2026-04-03T19:04:26.755061
"ايه ده 😢

https://youtube.com/watch?v=XiAwsdqJFeM&si=718HCzkwYdCcHybs",,,youtube_vLWi5r3bvwQ,,false,2026-04-03T19:04:27.528309
اللي يسمعها 2024 ❤️,,,youtube_5m75Btj1Oro,,false,2026-04-03T19:04:31.456082
عدد الي اجوو 2025 ..🤏😂,,,youtube_KG1DG2EoOKM,,false,2026-04-03T19:04:34.293351
شكلي و أنا الغبية الوحيدة اللي عبالي المغنية هيفاء وهبي و كمان من 2026😂😂❤,,,youtube_KG1DG2EoOKM,,false,2026-04-03T19:04:34.293351
2026 اجمعو ولا انقرضو 😂😊,,,youtube_KG1DG2EoOKM,,false,2026-04-03T19:04:34.294350
ايااام 2008🎉🤍🩵💛,,,youtube_KG1DG2EoOKM,,false,2026-04-03T19:04:34.294350
4:29 هنا اللقطه الي يحبها قلبي🫦✨💋,,,youtube_KG1DG2EoOKM,,false,2026-04-03T19:04:34.294350
مين جاي ب 2026😂😂,,,youtube_KG1DG2EoOKM,,false,2026-04-03T19:04:34.294350
جيش 2026😂❤.,,,youtube_KG1DG2EoOKM,,false,2026-04-03T19:04:34.294350
وين جماعه 2026😂,,,youtube_KG1DG2EoOKM,,false,2026-04-03T19:04:35.055378
ولك ‏‪1:34‬‏ انا مفكر هيفا الي عم بتغني 🙂,,,youtube_KG1DG2EoOKM,,false,2026-04-03T19:04:35.055378
مين اجا 2026😂😂😂,,,youtube_KG1DG2EoOKM,,false,2026-04-03T19:04:35.055378
"4:30 

الي جاه عشان هذا من",,,youtube_KG1DG2EoOKM,,false,2026-04-03T19:04:35.055378
يلي مفكي انو غنية ل هيفا يحط لايك ‏‪ ‏‪1:18‬‏,,,youtube_KG1DG2EoOKM,,false,2026-04-03T19:04:35.055378
"انا الوحيده ب 2026 
الشهر 2/2 والتاريخ وساعه 9:27 😊🤦‍♀️👊",,,youtube_KG1DG2EoOKM,,false,2026-04-03T19:04:35.055378
منو جاي ب2026❤,,,youtube_KG1DG2EoOKM,,false,2026-04-03T19:04:35.055378
في حد 2026؟😅,,,youtube_KG1DG2EoOKM,,false,2026-04-03T19:04:35.055378
انا الوحيدة الي اجيت بل 2026 لمن صارت ترند🙃🫠,,,youtube_KG1DG2EoOKM,,false,2026-04-03T19:04:35.055378
انا الوحيدة  ب 2026 😊❤,,,youtube_KG1DG2EoOKM,,false,2026-04-03T19:04:35.055378
4:28 قال يعني 😂😂,,,youtube_KG1DG2EoOKM,,false,2026-04-03T19:04:35.857952
‏‪1:25‬‏  وانيي حسبالي هيفاء اتغنيها😂,,,youtube_KG1DG2EoOKM,,false,2026-04-03T19:04:35.857952
"في حد هنا من 2026😂😂
👇🏻👇🏻",,,youtube_KG1DG2EoOKM,,false,2026-04-03T19:04:35.857952
اجيت بعد ماصارت ترند2026😂😂❤,,,youtube_KG1DG2EoOKM,,false,2026-04-03T19:04:35.857952
"ءويلييي 😂😂
1/23",,,youtube_KG1DG2EoOKM,,false,2026-04-03T19:04:35.857952
مين من 2026🤭❤🤭,,,youtube_KG1DG2EoOKM,,false,2026-04-03T19:04:35.857952
مين2026,,,youtube_KG1DG2EoOKM,,false,2026-04-03T19:04:35.857952
15 سنة ياقمر ايه ده صبر ايوب 🤭😁,,,youtube_KG1DG2EoOKM,,false,2026-04-03T19:04:35.857952
كيف لو يعرفو. انو احنا بنعنيها هسا 2026,,,youtube_KG1DG2EoOKM,,false,2026-04-03T19:04:35.857952
أنا جاية من 2026 احد منكم هنا,,,youtube_KG1DG2EoOKM,,false,2026-04-03T19:04:35.857952
Al y3ny bysal alya alwad alase alanany,,,youtube_KG1DG2EoOKM,,false,2026-04-03T19:04:35.857952
3:10 بتقول ايه هنا😂,,,youtube_KG1DG2EoOKM,,false,2026-04-03T19:04:35.857952
انا جيت من 2025 لا عند 2026 لاحاتا اتسمعلا ال يعني بيسال عليا❤❤,,,youtube_KG1DG2EoOKM,,false,2026-04-03T19:04:35.857952
انا الوحيده ب 2026😖💗,,,youtube_KG1DG2EoOKM,,false,2026-04-03T19:04:35.857952
انا الوحيد ب2026😂,,,youtube_KG1DG2EoOKM,,false,2026-04-03T19:04:35.857952
هل من الجودة الرسمية أن تقوم بتعيين جودة فيديو حصد 3.08 مليون مشاهدة إلى 144 بكسل فقط؟ 😅😅😅😅😅😅,,,youtube_KG1DG2EoOKM,,false,2026-04-03T19:04:35.857952
any 2026?,,,youtube_KG1DG2EoOKM,,false,2026-04-03T19:04:35.857952
لسنة 2026 ومزالة صغيرة تدلع,,,youtube_KG1DG2EoOKM,,false,2026-04-03T19:04:36.660900
‏‪1:18‬‏ قال يعني بيسأل عليا!!👅,,,youtube_KG1DG2EoOKM,,false,2026-04-03T19:04:36.660900
"الاغنية صدرت سنة 2008 مع اغنية نارو بتحرقني يوووه ايام والله كانت جميلة جدا على الاقل افضل بكثير من الان وهذا الكليب يعتبر فيه حشمة عكس الان ههههههه 
لكم ان تتخيلوا مضت على الاغنية 17 سنة يا للهول سرعة الايام مخيفة وجع . على العموم تذكرت الاغنية ورجعت اسمعها الان . الي مثلي يخبط مليون لايك هع ويصف جنبي ويحجز تذكرة لسنة 2026",,,youtube_KG1DG2EoOKM,,false,2026-04-03T19:04:36.660900
2026 قبل الكل,,,youtube_KG1DG2EoOKM,,false,2026-04-03T19:04:36.660900
شكلني الوحيده من 2025😂,,,youtube_KG1DG2EoOKM,,false,2026-04-03T19:04:36.660900
2026 😂 ويقولون زمان كان التلفزيون محترم,,,youtube_KG1DG2EoOKM,,false,2026-04-03T19:04:36.660900
اذكر في 2007 الكل حسب انها هيفاء وهبي 😂😂😂😂 كانت موضه هيفاء وهبي وقتها,,,youtube_KG1DG2EoOKM,,false,2026-04-03T19:04:36.660900
مين في 2025 من ريلات الأنستا و كان فاكرها هيفا🎀😭💅,,,youtube_KG1DG2EoOKM,,false,2026-04-03T19:04:36.660900
انا الوحيدة عبالي هيفاء وهبي تغنيه نفس الصوت😂😂 ‏‪ ‏‪4:31‬‏,,,youtube_KG1DG2EoOKM,,false,2026-04-03T19:04:36.660900
"قال يعني بيسأل عليا
الواد القاسي الأناني
مش قاصد يجرح عينيه
الواد متربي زوق
ده حي الله دوبلوم تجارة
وسلامو ما فيهوش حرارة
عايز بشوية شطارة
يقول رق رق رق رق فوق
وعايز قال ينساني أنا
ولا أضيع تيجي 15 سنة وياك
مرة بدلع ومرة بشجع
وبقول بكرة يقدرني
وعملت بجد اللي عليه
وأكتر من اللازم بشوية
خلاص خلاني زهقت بجد
زهقت ما فيش حاجة تصبرني
أنا كان عندي كلام وقلته
وكل اللي أنا عايزاه عملته
ويا ناس قفلته ونسيت أيامه خلاص
وهي رجعت من تاني ريما
رجعت لعادتها القديمة
وأنا وحدة قيمة وسيمة
وصحابي وعيلتي كلاس
قال يعني بيسأل عليا
الواد القاسي الأناني
مش قاصد يجرح عينيه
الواد متربي زوق
ده حي الله دوبلوم تجارة
وسلامو ما فيهوش حرارة
عايز بشوية شطارة
يقول رق رق رق رق فوق",,,youtube_KG1DG2EoOKM,,false,2026-04-03T19:04:36.660900
2025❤اجمل اغاني,,,youtube_KG1DG2EoOKM,,false,2026-04-03T19:04:37.461103
وقتها كانت تقلد هيفاء وهبي كلنا حسبنها هيفاء وهبي في 2007😂😂😂 ايام,,,youtube_KG1DG2EoOKM,,false,2026-04-03T19:04:37.461103
جماعه لي جايه 2025🤣💔,,,youtube_KG1DG2EoOKM,,false,2026-04-03T19:04:38.191627
الاغنيه هذه نزلت في صيف 2008😂❤ ايام,,,youtube_KG1DG2EoOKM,,false,2026-04-03T19:04:38.191627
Min bysm3a b 2025 bshaher 16 7 2025 se3a 12 blil😂,,,youtube_KG1DG2EoOKM,,false,2026-04-03T19:04:38.191627
ازاي بتقول ضيعت 15سنه من عمرها وياه وهو لسه جاي عندهم 😂المهم في الاخر لما قلعت الاشارب والمنديل عجبتوا ولا لاء هو بيتنطط علي اي دي هي حتي احلي منه بكتير 😂😂,,,youtube_KG1DG2EoOKM,,false,2026-04-03T19:04:38.191627
مين يسمعها  في 2025,,,youtube_KG1DG2EoOKM,,false,2026-04-03T19:04:38.191627
"قال يعني بيسأل عليه الواد القاسي الأناني
مش قاصد يجرح عينيه الواد متربي زوق
ده حي الله دوبلوم تجارة وسلامو ما فيهوش حرارة
عايز بشوية شطارة يقول رق رق رق رق فوق ...

وعايز قال ينساني انا ولا أضيع تيجي 15 سنة وياك
مرة بدلع ومرة بشجع وبقول بكرة يقدرني 
وعملت بجد اللي عليه واكتر من اللازم بشوية
خلاص خلاني زهقت بجد زهقت ما فيش حاجة تصبرني

وعايز قال ينساني انا ولا أضيع تيجي 15 سنة وياك
مرة بدلع ومرة بشجع وبقول بكرة يقدرني 
وعملت بجد اللي عليه واكتر من اللازم بشوية خلاص
خلاني زهقت بجد زهقت ما فيش حاجة تصبرني

---

انا كان عندي كلام وقلتو وكل اللي انا عايزاه عملته
ويا ناس قفلته ونسيت ايامه خلاص
وهي رجعت من تاني ريما رجعت لعادتها القديمة
وانا وحدة قيمة وسيمة وصحابي وعيلتي كلاس

وعايز قال ينساني انا ولا أضيع تيجي 15 سنة وياك
مرة بدلع ومرة بشجع وبقول بكرة يقدرني 
وعملت بجد اللي عليه واكتر من اللازم بشوية خلاص
خلاني زهقت بجد زهقت ما فيش حاجة تصبرني
قال يعني بيسأل عليه الواد القاسي الأناني
مش قاصد يجرح عينيه الواد متربي زوق
ده حي الله دوبلوم تجارة وسلامو ما فيهوش حرارة
عايز بشوية شطارة يقول رق رق رق رق فوق ...
قال يعني بيسأل عليه الواد القاسي الأناني
مش قاصد يجرح عينيه الواد متربي زوق
ده حي الله دوبلوم تجارة وسلامو ما فيهوش حرارة
عايز بشوية شطارة يقول رق رق رق رق فوق ...",,,youtube_KG1DG2EoOKM,,false,2026-04-03T19:04:38.191627
اسمعها ب2025😂❤,,,youtube_KG1DG2EoOKM,,false,2026-04-03T19:04:38.191627
2025مررت من هنا,,,youtube_KG1DG2EoOKM,,false,2026-04-03T19:04:38.191627
2025 gang🎉,,,youtube_KG1DG2EoOKM,,false,2026-04-03T19:04:38.191627
2025 قمر أجمل وجه وأجمل إمرأة  فى العالم ❤,,,youtube_KG1DG2EoOKM,,false,2026-04-03T19:04:38.191627
اللي جاي من 2007يصف جمبي😅,,,youtube_KG1DG2EoOKM,,false,2026-04-03T19:04:38.191627
"من هنا في 2025/06/13 
🤓🤓",,,youtube_KG1DG2EoOKM,,false,2026-04-03T19:04:38.191627
اسمعها بي 2025 🎉😂,,,youtube_KG1DG2EoOKM,,false,2026-04-03T19:04:38.191627
الوحيده 2025 تسمعه,,,youtube_KG1DG2EoOKM,,false,2026-04-03T19:04:38.191627
Hhh ❤2025/06/03,,,youtube_KG1DG2EoOKM,,false,2026-04-03T19:04:38.191627
2025بحبك يا قمر من الجزائر 🇩🇿🥰,,,youtube_KG1DG2EoOKM,,false,2026-04-03T19:04:38.905134
2025 من هناااا,,,youtube_KG1DG2EoOKM,,false,2026-04-03T19:04:38.905134
مين ب2025😂❤🎉,,,youtube_KG1DG2EoOKM,,false,2026-04-03T19:04:38.905134
مين معنا ب 2025😅,,,youtube_KG1DG2EoOKM,,false,2026-04-03T19:04:38.906104
للذكرى يوم الخميس 30 كانون الثاني الساعه 2:44 مساء احبك احبك❤❤❤,,,youtube_KG1DG2EoOKM,,false,2026-04-03T19:04:38.906104
أنا وحيده ال ب 2025 😂,,,youtube_KG1DG2EoOKM,,false,2026-04-03T19:04:38.906104
مين موجود 2025😂❤,,,youtube_KG1DG2EoOKM,,false,2026-04-03T19:04:38.906104
2025 someone? 😂,,,youtube_KG1DG2EoOKM,,false,2026-04-03T19:04:38.906104
2025🎉😂❤انا بس,,,youtube_KG1DG2EoOKM,,false,2026-04-03T19:04:39.641979
"2025/01/17
المغرب🎉",,,youtube_KG1DG2EoOKM,,false,2026-04-03T19:04:39.641979
انا جيت من 2025😂😂😂,,,youtube_KG1DG2EoOKM,,false,2026-04-03T19:04:39.641979
2025 ولسه بسمعها 😅,,,youtube_KG1DG2EoOKM,,false,2026-04-03T19:04:39.641979
أنا اول وحدة ب 2025,,,youtube_KG1DG2EoOKM,,false,2026-04-03T19:04:39.641979
بصراحة سمعت مغربية بستار اكاديمي تغنيها وجيت اشوف الاصل2024,,,youtube_KG1DG2EoOKM,,false,2026-04-03T19:04:40.341519
تجنن 2024,,,youtube_KG1DG2EoOKM,,false,2026-04-03T19:04:40.341519
انا الوحيدة ال ب2025❤😂,,,youtube_KG1DG2EoOKM,,false,2026-04-03T19:04:40.341519
🇮🇳 Kolkata Bangali-11.10.2024,,,youtube_KG1DG2EoOKM,,false,2026-04-03T19:04:40.341519
الغنيا. هاي. قبل. ما. امي. تزوج2024❤,,,youtube_KG1DG2EoOKM,,false,2026-04-03T19:04:41.041678
انا في 2024 واتمنى ماكونش لوحدي 😅,,,youtube_KG1DG2EoOKM,,false,2026-04-03T19:04:41.041678
2024 اثبت وجودك,,,youtube_KG1DG2EoOKM,,false,2026-04-03T19:04:41.754695
"I'm Watching From Ranchi, India 2024 Feel Happy ❤",,,youtube_KG1DG2EoOKM,,false,2026-04-03T19:04:41.754695
مين هون 2024😂❤,,,youtube_KG1DG2EoOKM,,false,2026-04-03T19:04:41.754695
"2024 مين معي
من اروع كليبات النجمة قمر ❤❤❤",,,youtube_KG1DG2EoOKM,,false,2026-04-03T19:04:41.754695
انا وحيده ال ب 2024😂,,,youtube_KG1DG2EoOKM,,false,2026-04-03T19:04:41.754695
لي سمعاه 2024 يحط  لايك😂,,,youtube_KG1DG2EoOKM,,false,2026-04-03T19:04:41.754695
شكون لي جاي من 2024 إبان هنا 😂,,,youtube_KG1DG2EoOKM,,false,2026-04-03T19:04:42.466574
لااااا انا بسمعها 2024😂😂,,,youtube_KG1DG2EoOKM,,false,2026-04-03T19:04:42.466574
مين موجود ب2024,,,youtube_KG1DG2EoOKM,,false,2026-04-03T19:04:42.466574
منو يشوفه 2024 ❤,,,youtube_KG1DG2EoOKM,,false,2026-04-03T19:04:43.174918
"(*) قمر
أتمنى لك ولأسرتك ولعائلتك فى عام  2024  وجميع الأعوام المقبلة مزيداً من الصحة والسعادة والتوفيق والنجاح والراحة النفسية ودوام العطاء والإبتسامة وأتمنى رؤيتك قريباً
أحمد رسول الله
رسول آخر الزمان",,,youtube_KG1DG2EoOKM,,false,2026-04-03T19:04:43.875923
🎉🎉مين لي بيسمعها 2024😊,,,youtube_KG1DG2EoOKM,,false,2026-04-03T19:04:43.875923
2024 ❤ and still love this song,,,youtube_KG1DG2EoOKM,,false,2026-04-03T19:04:43.875923
يمكن انا الوحيدة في 2024😢❤,,,youtube_KG1DG2EoOKM,,false,2026-04-03T19:04:44.524659
"مدري ليش فجأة اشتقت لاغاني قمر بنهاية 2023 
لو بكرا كمان اسمعها اكون اول واحد سمعها ب 2024 😁",,,youtube_KG1DG2EoOKM,,false,2026-04-03T19:04:44.524659
2023 منو بعده يسمعها ؟ 🫣,,,youtube_KG1DG2EoOKM,,false,2026-04-03T19:04:44.524659
Dec 2023 ??😅😅,,,youtube_KG1DG2EoOKM,,false,2026-04-03T19:04:45.182297
اجيت ب2023 من تيك توك,,,youtube_KG1DG2EoOKM,,false,2026-04-03T19:04:47.934680
جاي من تيك توك من السلطي 😂😂😂2023,,,youtube_KG1DG2EoOKM,,false,2026-04-03T19:04:49.273256
3 دجاجات,,,youtube_KG1DG2EoOKM,,false,2026-04-03T19:04:55.758173
"قال يعني بيسأل عليه
الواد القاسي الأناني
مش قاصد يجرح عينيه
الواد متربي زوق

ده حي الله دوبلوم تجارة
وسلامه ما فيهوش حرارة
عايز بشوية شطارة
يكون هوب رق رق رق رق فوق

وعايز قال ينساني انا
وانا ضيعت ييجي 15 سنة وياه
مرة بدلعه مرة بشجعه
و بقول بكرة يقدرني
وعملت بجد اللي عليه
واكتر م اللازم بشوية خلاص
خلاني زهقت بجد زهقت
ما فيش حاجة تصبرني

وعايز قال ينساني انا
وانا ضيعت ييجي 15 سنة وياه
مرة بدلعه مرة بشجعه
و بقول بكرة يقدرني
وعملت بجد اللي عليه
واكتر م اللازم بشوية خلاص
خلاني زهقت بجد زهقت
ما فيش حاجة تصبرني

قال يعني بيسأل عليه
الواد القاسي الأناني
مش قاصد يجرح عينيه
الواد متربي زوق

ده حي الله دوبلوم تجارة
وسلامه ما فيهوش حرارة
عايز بشوية شطارة
يكون هوب رق رق رق رق فوق

انا كان عندي كلام وقلته
وكل اللي انا عايزاه عملته
و اهو كان باب و يا ناس قفلته
ونسيت ايامه خلاص

واهي رجعت من تاني ريما
رجعت لعادتها القديمة
وانا وحدة قيمة وسيمة
وصحابي وعيلتي كلاس

وعايز قال ينساني انا
وانا ضيعت ييجي 15 سنة وياه
مرة بدلعه مرة بشجعه
و بقول بكرة يقدرني
وعملت بجد اللي عليه
واكتر م اللازم بشوية خلاص
خلاني زهقت بجد زهقت
ما فيش حاجة تصبرني

وعايز قال ينساني انا
وانا ضيعت ييجي 15 سنة وياه
مرة بدلعه مرة بشجعه
و بقول بكرة يقدرني
وعملت بجد اللي عليه
واكتر م اللازم بشوية خلاص
خلاني زهقت بجد زهقت
ما فيش حاجة تصبرني

قال يعني بيسأل عليه
الواد القاسي الأناني
مش قاصد يجرح عينيه
الواد متربي زوق
ده حي الله دوبلوم تجارة
وسلامه ما فيهوش حرارة
عايز بشوية شطارة
يكون هوب رق رق رق رق فوق

قال يعني بيسأل عليه
الواد القاسي الأناني
مش قاصد يجرح عينيه
الواد متربي زوق
ده حي الله دوبلوم تجارة
وسلامه ما فيهوش حرارة
عايز بشوية شطارة
يكون هوب رق رق رق رق فوق",,,youtube__z3rb5uZZCU,,false,2026-04-03T19:04:57.588101
0:23  قال يعني بيسأل عليااا!؟😂,,,youtube__z3rb5uZZCU,,false,2026-04-03T19:04:57.589100
من يسمعها 2026😂,,,youtube__z3rb5uZZCU,,false,2026-04-03T19:04:57.589100
‏‪3:33‬‏ اللقطه المنتظره❤,,,youtube__z3rb5uZZCU,,false,2026-04-03T19:04:57.589100
"وعملت بجد الي عليا واكتر من اللازم بشويه خلاص❣️. 
2026/2/5",,,youtube__z3rb5uZZCU,,false,2026-04-03T19:04:57.589100
شكون جا 2026 😂😂,,,youtube__z3rb5uZZCU,,false,2026-04-03T19:04:57.589100
قال يعني 😂😂😂2026🧸🧸😋,,,youtube__z3rb5uZZCU,,false,2026-04-03T19:04:57.589100
‏‪3:35‬‏ ‏قال يعني بيسأل عليا الواد القاسي الإناني ؟,,,youtube__z3rb5uZZCU,,false,2026-04-03T19:04:58.504414
مين يسمعها 2025,,,youtube__z3rb5uZZCU,,false,2026-04-03T19:04:58.504414
15 سنة وياه ههههه,,,youtube__z3rb5uZZCU,,false,2026-04-03T19:04:58.504414
"Where did you get this song man?
Do you know I've been seeking from 6 years ago...",,,youtube__z3rb5uZZCU,,false,2026-04-03T19:04:58.504414
"اول مرة اسمعها في 2026
يلي متلي يصف جمبي",,,youtube_0m1pkUSXmaA,,false,2026-04-03T19:05:01.503735
2026.2.16 لسة ما تغيرت,,,youtube_0m1pkUSXmaA,,false,2026-04-03T19:05:01.503735
07/02/2026 ربي يهديني ان شاءالله  ادعولي ولكم بالمثل 😢😢😢😢😢,,,youtube_0m1pkUSXmaA,,false,2026-04-03T19:05:01.503735
مين في 2026 بيسمعها 🥲,,,youtube_0m1pkUSXmaA,,false,2026-04-03T19:05:01.503735
"حاسس انه انا الوحيد الي لسه بيسمع هالاغنيه واناالوحيد الي مش عارف يتغير لحد الان .
معقول لسه في حدا بيسمعها غيري في  2026",,,youtube_0m1pkUSXmaA,,false,2026-04-03T19:05:01.503735
2026بالصدفه,,,youtube_0m1pkUSXmaA,,false,2026-04-03T19:05:01.503735
وبقالنا كتير .. 2026,,,youtube_0m1pkUSXmaA,,false,2026-04-03T19:05:01.503735
2026 مزال نسمعها,,,youtube_0m1pkUSXmaA,,false,2026-04-03T19:05:01.503735
اناا  2444,,,youtube_0m1pkUSXmaA,,false,2026-04-03T19:05:01.503735
من لي إجى من 2026,,,youtube_0m1pkUSXmaA,,false,2026-04-03T19:05:01.503735
"باقي على 2026 10 ايام 
صلو على رسول الله",,,youtube_0m1pkUSXmaA,,false,2026-04-03T19:05:01.503735
الأغنية دى سبب الهوس اللى حصلي اول مرة سمعتها كان سنة ٢٠٠٨ وحسيت كأنها بتكلم عني 😢😢😢 وانا دلوقتى ف سنة ٢٠٢٥ ولسه بعاني.. وداخل على 2026,,,youtube_0m1pkUSXmaA,,false,2026-04-03T19:05:01.503735
2025 اللهم غير حالي للأفضل ورزقني الحلال وبعدنيوأبعد  عني الحرام,,,youtube_0m1pkUSXmaA,,false,2026-04-03T19:05:01.504735
مين يسمعها 2025😢,,,youtube_0m1pkUSXmaA,,false,2026-04-03T19:05:01.504735
مين بسمعها 2025,,,youtube_0m1pkUSXmaA,,false,2026-04-03T19:05:01.504735
من هنا نهاية 2025 🤦🏻,,,youtube_0m1pkUSXmaA,,false,2026-04-03T19:05:01.504735
كنسمع ليها في 2025,,,youtube_0m1pkUSXmaA,,false,2026-04-03T19:05:01.504735
02.10.2025 مابعرف شو جابها ع بالي,,,youtube_0m1pkUSXmaA,,false,2026-04-03T19:05:01.504735
مين يسمعها في سبتمبر 2025,,,youtube_0m1pkUSXmaA,,false,2026-04-03T19:05:01.504735
رسالة الي الاستاذ تامر حسني والاستاذ نصر محروس اول مره سمعت هذه الاغنية كان عمري 15سنة وكنت نفسي اتغير واحقق احلامي والان عمري 37سنة وبرضو رجعت اسمها بس لأسف مش عارف اتغير وما حققت اشي بحياتي بل حياتي صارت اسوأ من الاول الان اعاني من امراض مزمنة لاسف,,,youtube_0m1pkUSXmaA,,false,2026-04-03T19:05:01.504735
انا من غزة اليوم 685 يوم للحرب على غزة انا احي بين شاهد وشهيد شاهد على ظلم البشرية وتأمرهم وتقصيرهم اديان وبشر وشهيد عملها عند الله مقبل غير مدبر دعواتكم ٢٦/٨/٢٠٢٥,,,youtube_0m1pkUSXmaA,,false,2026-04-03T19:05:01.504735
مين بيسمعها دلوقتي 2025,,,youtube_0m1pkUSXmaA,,false,2026-04-03T19:05:01.504735
واو ❤😊 2025,,,youtube_0m1pkUSXmaA,,false,2026-04-03T19:05:01.504735
مين بيسمعها 205 ❤,,,youtube_0m1pkUSXmaA,,false,2026-04-03T19:05:01.504735
شكون كيسمعها في 2025❤😊😊,,,youtube_0m1pkUSXmaA,,false,2026-04-03T19:05:01.504735
انا من عشاق الأغنية لأنها صادقة من واحد نفس من ضمن الناس اللي مش عارفه تتغير ، وربنا يهديه برده زينا قصدي علي تامر حسني ويهدينا برده معاه لاننا كلنا في خندق واحد...بس اسمحلي يا فنان بقولهالك بعد حوالي 19سنة بسمعها  لو تغير كلمات الاغنية الي انا مش عايز اتغير !!!! لأن صدقيني كلنا عارفين ازاي نتغير بس مش عايزين الا من رحم ربي,,,youtube_0m1pkUSXmaA,,false,2026-04-03T19:05:01.504735
ذكريات صغر 🇩🇿 2025,,,youtube_0m1pkUSXmaA,,false,2026-04-03T19:05:02.320121
اعتقد انا بس اللي بسمعها في 2025!😂💙,,,youtube_0m1pkUSXmaA,,false,2026-04-03T19:05:02.320121
في هون جماعة 2025,,,youtube_0m1pkUSXmaA,,false,2026-04-03T19:05:02.320121
انا بسعها فى 2025,,,youtube_0m1pkUSXmaA,,false,2026-04-03T19:05:02.320121
مين لسه بيسمعها ف 2025,,,youtube_0m1pkUSXmaA,,false,2026-04-03T19:05:02.320121
منو يسمعها مثلي ب2025 🥺,,,youtube_0m1pkUSXmaA,,false,2026-04-03T19:05:02.320121
هو أنا الوحيد اللي بسمعها 2025,,,youtube_0m1pkUSXmaA,,false,2026-04-03T19:05:02.320121
June 2025,,,youtube_0m1pkUSXmaA,,false,2026-04-03T19:05:02.320121
انتاج 2007,,,youtube_0m1pkUSXmaA,,false,2026-04-03T19:05:02.320121
اني الوحيد اسمعها ب سنه 2025,,,youtube_0m1pkUSXmaA,,false,2026-04-03T19:05:02.320121
انا 2025😢😢,,,youtube_0m1pkUSXmaA,,false,2026-04-03T19:05:02.320121
كنت اسمعها في 2012,,,youtube_0m1pkUSXmaA,,false,2026-04-03T19:05:02.320121
انا وحدي 2025 اللي بسمع الاغنية😂😊,,,youtube_0m1pkUSXmaA,,false,2026-04-03T19:05:02.320121
تأثر ف 2025,,,youtube_0m1pkUSXmaA,,false,2026-04-03T19:05:02.320121
2025-5-10  ومعرفت اتغير,,,youtube_0m1pkUSXmaA,,false,2026-04-03T19:05:02.320121
مين بيسمعها في 2025,,,youtube_0m1pkUSXmaA,,false,2026-04-03T19:05:02.320121
2025 hhhhh,,,youtube_0m1pkUSXmaA,,false,2026-04-03T19:05:02.320121
انا 2025😢❤,,,youtube_0m1pkUSXmaA,,false,2026-04-03T19:05:02.320121
انا بسمعها 2025❤❤,,,youtube_0m1pkUSXmaA,,false,2026-04-03T19:05:02.320121
2025 و مش عارف اتغير يا رب تعبت فاتني كل شي مش عارف اشتغل مش عارف اعيش زي الناس 36 سنة و لا زواج لا مستقبل تعبت جدا حاسس اني ميت,,,youtube_0m1pkUSXmaA,,false,2026-04-03T19:05:02.320121
اعتقد انا الوحيد الي بسمعها ب 2025 😅😅,,,youtube_0m1pkUSXmaA,,false,2026-04-03T19:05:02.320121
2025 مدمن آيس و كل يوم اقول حبطل ادعولي من قلبكم انا حتجنن ادعولي كأنكم تعرفوني,,,youtube_0m1pkUSXmaA,,false,2026-04-03T19:05:02.320121
2025 😢 مارس 25,,,youtube_0m1pkUSXmaA,,false,2026-04-03T19:05:02.320121
لا في بسمع 2025 انا زعلان من نفسي حقيقي 😂😂😂😂,,,youtube_0m1pkUSXmaA,,false,2026-04-03T19:05:02.320121
أنا مش عارف أتغير 2025,,,youtube_0m1pkUSXmaA,,false,2026-04-03T19:05:02.320121
15/03/2025 دعوة خير ولكم بالمثل,,,youtube_0m1pkUSXmaA,,false,2026-04-03T19:05:02.320121
مارس 2025,,,youtube_0m1pkUSXmaA,,false,2026-04-03T19:05:03.111128
2025 مين عم يسمعها,,,youtube_0m1pkUSXmaA,,false,2026-04-03T19:05:03.111128
2025❤❤اجمل الذكريات مع الأغنية,,,youtube_0m1pkUSXmaA,,false,2026-04-03T19:05:03.111128
هههه انا الوحيده اللي بسمع الأغنية في 2025,,,youtube_0m1pkUSXmaA,,false,2026-04-03T19:05:03.111128
اظن أنني الوحيد للي بيسعها في 2025 😂,,,youtube_0m1pkUSXmaA,,false,2026-04-03T19:05:03.111128
منو ديسمعه 2025,,,youtube_0m1pkUSXmaA,,false,2026-04-03T19:05:03.111128
2025 اسمعها من اجمل اعمال الفنان تامر❤,,,youtube_0m1pkUSXmaA,,false,2026-04-03T19:05:03.111128
وأعتقد انا الوحيده اللي بسمعها 2025,,,youtube_0m1pkUSXmaA,,false,2026-04-03T19:05:03.111128
كل يوم اقول نحبس الغناء وتاني يوم نسمع اغلظ ثاني 2025,,,youtube_0m1pkUSXmaA,,false,2026-04-03T19:05:03.111128
أعتقد أنا الوحيدة الليل بسمعها في 2025😂😂,,,youtube_0m1pkUSXmaA,,false,2026-04-03T19:05:03.111128
مين لسا متلي عبيسمع الغنية 2025 نحن جيل التسعينات ماعمنطلع من ماضينا عمنحب نضل فيه لانو احلا من حاضرنا,,,youtube_0m1pkUSXmaA,,false,2026-04-03T19:05:03.111128
انا بسمعها ف 2025,,,youtube_0m1pkUSXmaA,,false,2026-04-03T19:05:03.111128
مين بيسمع من 2025 يمكن انا وحدي 😂😂😂😂😂,,,youtube_0m1pkUSXmaA,,false,2026-04-03T19:05:03.111128
2025 يرت نتغير الحسن 😢😢,,,youtube_0m1pkUSXmaA,,false,2026-04-03T19:05:03.111128
مين يسمعها ف 2025😢,,,youtube_0m1pkUSXmaA,,false,2026-04-03T19:05:03.111128
"مين بيسمعها بقالو 9 ولسه مش عارف يتغير
واحنا فى 2025😂😂",,,youtube_0m1pkUSXmaA,,false,2026-04-03T19:05:03.111128
2025 anyone here 😂🇲🇦🤍🇪🇬,,,youtube_0m1pkUSXmaA,,false,2026-04-03T19:05:03.111128
2025 انضمووو 😢😊❤,,,youtube_0m1pkUSXmaA,,false,2026-04-03T19:05:03.111128
2025❤و لم اعرف بعد ان اتغير...هل من مؤنس في هذا العالم الغريب😢,,,youtube_0m1pkUSXmaA,,false,2026-04-03T19:05:03.111128
2025 and since 2015 💀,,,youtube_0m1pkUSXmaA,,false,2026-04-03T19:05:03.111128
Listening to it in 2025,,,youtube_0m1pkUSXmaA,,false,2026-04-03T19:05:03.858470
‏‪1:42‬‏  مقدرتش اتغير  2025,,,youtube_0m1pkUSXmaA,,false,2026-04-03T19:05:03.858470
من الي بيسمعها سنة 2025,,,youtube_0m1pkUSXmaA,,false,2026-04-03T19:05:03.858470
في 2025 وبسمعها,,,youtube_0m1pkUSXmaA,,false,2026-04-03T19:05:03.858470
مين بيسمع لها في 2025 😅,,,youtube_0m1pkUSXmaA,,false,2026-04-03T19:05:03.858470
2025 team,,,youtube_0m1pkUSXmaA,,false,2026-04-03T19:05:03.858470
مين في 2025,,,youtube_0m1pkUSXmaA,,false,2026-04-03T19:05:03.858470
2025 التغيير ان شاء الله,,,youtube_0m1pkUSXmaA,,false,2026-04-03T19:05:03.858470
من يسمعها 2025😮,,,youtube_0m1pkUSXmaA,,false,2026-04-03T19:05:03.858470
أعتقد انا الوحيد لي بسمع الأغنية في 2025 بحبها كثير الأغنية 🥺❤,,,youtube_0m1pkUSXmaA,,false,2026-04-03T19:05:03.858470
انا بسمعها ب 2025❤,,,youtube_0m1pkUSXmaA,,false,2026-04-03T19:05:03.858470
لحظة استيعاب .. اول مرة أسمعها 1/1/2025 😮,,,youtube_0m1pkUSXmaA,,false,2026-04-03T19:05:03.858470
مين بيسمعها 2025🎉❤,,,youtube_0m1pkUSXmaA,,false,2026-04-03T19:05:03.858470
شكون مازال يسمع فيها 1/1/2025,,,youtube_0m1pkUSXmaA,,false,2026-04-03T19:05:03.858470
في حدا ب 2025 بسمعها,,,youtube_0m1pkUSXmaA,,false,2026-04-03T19:05:04.603093
مين بيسمعها في 2025🎉,,,youtube_0m1pkUSXmaA,,false,2026-04-03T19:05:04.603093
اواخر 2024 /12/24❤طاقة 24 يارب خير واتغير,,,youtube_0m1pkUSXmaA,,false,2026-04-03T19:05:04.603093
2025 لسه ماتغيرت 😢,,,youtube_0m1pkUSXmaA,,false,2026-04-03T19:05:04.603093
Ana kont nsitha w jit men tik tok,,,youtube_0m1pkUSXmaA,,false,2026-04-03T19:05:05.299134
هذه الأغنية لما كنت صغيرة اكرها كره مش عادي و اغير القناة بمجرد تبدى الان في 2024 صرت انا ابحث عنها😐🥲,,,youtube_0m1pkUSXmaA,,false,2026-04-03T19:05:05.299134
وداعا 2024 🙃,,,youtube_0m1pkUSXmaA,,false,2026-04-03T19:05:05.299134
أنا هندخل 2025 وللحين أسمعه ❤,,,youtube_0m1pkUSXmaA,,false,2026-04-03T19:05:05.969200
في نهاية 2024 برجع اسمعها رجعوني ب لايك ❤,,,youtube_0m1pkUSXmaA,,false,2026-04-03T19:05:05.969200
مين بسمعها في 2025 اه,,,youtube_0m1pkUSXmaA,,false,2026-04-03T19:05:05.969200
"25 Oct 
بجد انا مش عارف اتغير وارجع لنفس البيئة اللي اذتني 💔",,,youtube_0m1pkUSXmaA,,false,2026-04-03T19:05:07.383500
"29/9/2024
10:11pm",,,youtube_0m1pkUSXmaA,,false,2026-04-03T19:05:08.054650
حبيبي مازلت اتدركرك في سنة 2024 اريد ان اقول لك تغيرة ولم يتغير قلبي إتجاهك احببتك ومزال احبك اسمك في قلبي وانت كلك في قلبي حنان رايس مدينة فاس احبك ولم انسك,,,youtube_0m1pkUSXmaA,,false,2026-04-03T19:05:08.713333
مين بيسمعها ف 2024 ❤❤,,,youtube_0m1pkUSXmaA,,false,2026-04-03T19:05:09.335937
لايك 2018😍😍,,,youtube_fPYfJCSnbVE,,false,2026-04-03T19:05:11.162093
اللي بتشوفها ف 2018 لايك اااه مش عارفه اتغير بجد ★↓☆,,,youtube_fPYfJCSnbVE,,false,2026-04-03T19:05:11.162093
2018 أحسن اغنية❤,,,youtube_fPYfJCSnbVE,,false,2026-04-03T19:05:11.162093
الي بشوفها ب 2018 يضغط لايك ❤,,,youtube_fPYfJCSnbVE,,false,2026-04-03T19:05:11.162093
الي بيسمعها 2018 لايك,,,youtube_fPYfJCSnbVE,,false,2026-04-03T19:05:11.162093
الي بيشوفها من 2018 يجي هنا😂😂,,,youtube_fPYfJCSnbVE,,false,2026-04-03T19:05:11.163097
إلي بيشوفها 2018 يعمل  لايك,,,youtube_fPYfJCSnbVE,,false,2026-04-03T19:05:11.163097
2018/2/20 التمس منك العذر يامن تهم قلبي,,,youtube_fPYfJCSnbVE,,false,2026-04-03T19:05:11.163097
الي بسمعها في سنة 2018 لايك 😉,,,youtube_fPYfJCSnbVE,,false,2026-04-03T19:05:11.163097
لايك 2018 اغنبه جمده جدأ انا لغايه دلوتي بحب الاغنيه دي بزات,,,youtube_fPYfJCSnbVE,,false,2026-04-03T19:05:11.163097
الي بسشوفها ب 2018 لايك ديستو للكل لايك با انا,,,youtube_fPYfJCSnbVE,,false,2026-04-03T19:05:11.163097
مين لحد 2018 عم بيشوفها؟ والله هيدي اغنيتي كل يوم اسمعها كانه عم يحكي عني,,,youtube_fPYfJCSnbVE,,false,2026-04-03T19:05:11.163097
يلي شوفها 2018 لايك,,,youtube_fPYfJCSnbVE,,false,2026-04-03T19:05:11.163097
https://www.youtube.com/watch?v=37U3iFlojdk,,,youtube_fPYfJCSnbVE,,false,2026-04-03T19:05:11.163097
يلي بيسمعها ف 2018 يضغط لايك 🤷🏼‍♂️💖💯,,,youtube_fPYfJCSnbVE,,false,2026-04-03T19:05:11.163097
24 decembre 2017 hhhh nmout 3liha had lghonya,,,youtube_fPYfJCSnbVE,,false,2026-04-03T19:05:11.163097
2017 مازال نسمعها,,,youtube_fPYfJCSnbVE,,false,2026-04-03T19:05:11.163097
Tamer ooooobas,,,youtube_fPYfJCSnbVE,,false,2026-04-03T19:05:11.163097
12.11.2017 Dortmund  ツ♡,,,youtube_fPYfJCSnbVE,,false,2026-04-03T19:05:11.163097
انا مش عارف اتغير .كل ما اقول هتغير .تحصل حاجه ترجعنى ع كل اللى انا ناويه .ياااااااااااااااااااااه فعلا دى مش مجرد اغنيه بالعكس ده #كــــلام معبر عن #واقـــــــع بنعيشه  #كــلـنـــا . واكيد كلنا نفسنا نتغير للأحسن اكييييييييييييد.15-10-2017 تحيااااااااااااتى #للجميع  ..مــحــمــــد,,,youtube_fPYfJCSnbVE,,false,2026-04-03T19:05:11.163097
الي بشوفها من 2017 لايك,,,youtube_fPYfJCSnbVE,,false,2026-04-03T19:05:11.163097
Meen hena f 2017,,,youtube_fPYfJCSnbVE,,false,2026-04-03T19:05:11.163097
اي يشوف من 2017 يطج لايك 😍,,,youtube_fPYfJCSnbVE,,false,2026-04-03T19:05:11.163097
17 ..     😎 ليك,,,youtube_fPYfJCSnbVE,,false,2026-04-03T19:05:11.163097
ana fi 2017 bsma3ha li anou fiha e7sas kbir byosel lil 9alb 3ala 6ol,,,youtube_fPYfJCSnbVE,,false,2026-04-03T19:05:11.163097
الي يسمعها في 2017 لايك,,,youtube_fPYfJCSnbVE,,false,2026-04-03T19:05:11.163097
اللى بيشوفها فى 2017 يخبط لايك,,,youtube_fPYfJCSnbVE,,false,2026-04-03T19:05:11.163097
اللي بيسمعها ب 2017 يدوس لايك,,,youtube_fPYfJCSnbVE,,false,2026-04-03T19:05:11.163097
2017 لايك,,,youtube_fPYfJCSnbVE,,false,2026-04-03T19:05:11.163097
مين بيسمعها ف 2017,,,youtube_fPYfJCSnbVE,,false,2026-04-03T19:05:11.163097
الي بيسمعها في 2017لايك,,,youtube_fPYfJCSnbVE,,false,2026-04-03T19:05:11.163097
الي بيشفها في 2017يسيب لايك وكومنت,,,youtube_fPYfJCSnbVE,,false,2026-04-03T19:05:11.163097
ال يشوفها 2017 ﻻيك اجماعة 👆👌,,,youtube_fPYfJCSnbVE,,false,2026-04-03T19:05:11.163097
2017 معانا هنا يدوس لايك,,,youtube_fPYfJCSnbVE,,false,2026-04-03T19:05:11.163097
الي بيسمعها 2017 يدوس لايك #تيموووو,,,youtube_fPYfJCSnbVE,,false,2026-04-03T19:05:11.163097
"2017؟؟
هل من أحد يا جدعاان؟؟؟",,,youtube_fPYfJCSnbVE,,false,2026-04-03T19:05:11.163097
تامر حسني احساس وصوط روعه 2017,,,youtube_fPYfJCSnbVE,,false,2026-04-03T19:05:11.163097
بسمعها 2017 😢,,,youtube_fPYfJCSnbVE,,false,2026-04-03T19:05:11.163097
اللى بيشوفها فى 2017 يخبط لايك,,,youtube_fPYfJCSnbVE,,false,2026-04-03T19:05:11.930318
أنـا مــش عـارف اتغيـر 🎧 💔  2017/3/18✌,,,youtube_fPYfJCSnbVE,,false,2026-04-03T19:05:11.930318
شكون يشوفها في 2017,,,youtube_fPYfJCSnbVE,,false,2026-04-03T19:05:11.930318
الي بشوفها من 2017 لايك,,,youtube_fPYfJCSnbVE,,false,2026-04-03T19:05:11.930318
انا بسمعها من الجزائر تحياتي 20:12  2017/03/10,,,youtube_fPYfJCSnbVE,,false,2026-04-03T19:05:11.930318
2017 ولسه بحاول اتغير 😔😔😔,,,youtube_fPYfJCSnbVE,,false,2026-04-03T19:05:11.930318
مين معايا 2017 هنا,,,youtube_fPYfJCSnbVE,,false,2026-04-03T19:05:11.930318
مين بسمعها2017☹️☹️☹️,,,youtube_fPYfJCSnbVE,,false,2026-04-03T19:05:11.930318
الي بيسمعها ب 2017 لايك,,,youtube_fPYfJCSnbVE,,false,2026-04-03T19:05:11.930318
ياااااه بعشق الاغنيه دي 😍 من 2006 لحد وقتنا هذا 2017 بحب اسمعها بتفكرني بايام ثانويه عامله ايام وزكريات جميله عمري ماهنساها 😍💝✌,,,youtube_fPYfJCSnbVE,,false,2026-04-03T19:05:11.930318
بسمعها واليوم 29/1/2017,,,youtube_fPYfJCSnbVE,,false,2026-04-03T19:05:11.930318
2017/1/16 لحد الان اسمعها,,,youtube_fPYfJCSnbVE,,false,2026-04-03T19:05:11.930318
2017  و بسمعها,,,youtube_fPYfJCSnbVE,,false,2026-04-03T19:05:11.930318
من 2007 و أنا بسمعها للحد اليوم 😯,,,youtube_fPYfJCSnbVE,,false,2026-04-03T19:05:11.930318
10/12/2016 نبغي هاذ الاغنية بزززاف بزاف,,,youtube_fPYfJCSnbVE,,false,2026-04-03T19:05:11.930318
😢2016 w dakhlen 2017 w mazal nsm3ha hmdolah yarebi,,,youtube_fPYfJCSnbVE,,false,2026-04-03T19:05:11.930318
arwa3 masma3et klem bi tayar l3a9el,,,youtube_fPYfJCSnbVE,,false,2026-04-03T19:05:12.659366
03/11/2016 -- 16:00gmt,,,youtube_fPYfJCSnbVE,,false,2026-04-03T19:05:12.659366
2016 /11/03 و بسمعها,,,youtube_fPYfJCSnbVE,,false,2026-04-03T19:05:12.659366
من العراق  بغداد  شاب عمري 24 سنه / تحياتي للجميع .  طبعاً  احب أغاني  تامر  كلها وبل اخاص هاي لن تنطبق عليها كلشي ..😑,,,youtube_fPYfJCSnbVE,,false,2026-04-03T19:05:12.659366
Hadi ahsan ornya 3ndi kol youm asma3ha ombaachba3ch minha,,,youtube_fPYfJCSnbVE,,false,2026-04-03T19:05:12.659366
"من سنه 2011 وانا بسمعها لهلأ عشان اثرت فيا وفي ناس كتيير 
الله ع صوووتك ياحبيبي ياتيمووو انا بحبك اوووي 😩😩💙
love you",,,youtube_fPYfJCSnbVE,,false,2026-04-03T19:05:12.659366
"اي وربي صح 😢😢 
مشاهده ب 2016",,,youtube_fPYfJCSnbVE,,false,2026-04-03T19:05:12.659366
"هل اغنية تقريبا من قبل 4 سنوات و اني اسمعها و دائما اكو اتغير و الوكت جاي يمر اشهر و سنوات بس.. نفس الوضع 
29/06/2016",,,youtube_fPYfJCSnbVE,,false,2026-04-03T19:05:13.352319
2016 باقي اسمعها,,,youtube_fPYfJCSnbVE,,false,2026-04-03T19:05:13.352319
Rw3a,,,youtube_fPYfJCSnbVE,,false,2026-04-03T19:05:13.352319
was it 2004 when this song came out?,,,youtube_fPYfJCSnbVE,,false,2026-04-03T19:05:13.352319
مين سمعها ب2016,,,youtube_fPYfJCSnbVE,,false,2026-04-03T19:05:13.352319
"tahiya kbira tamer ana ma 2012 wana nasma3 fiha sarahatan ana tghayarttt lil ahsan wa lakin raji3t ghlat fi sana akhira..,  tahiyati tamer....  djazair",,,youtube_fPYfJCSnbVE,,false,2026-04-03T19:05:14.046494
aaah had loghnya  tfkertha ozaadt hm9atny mli ihab amir ghnaha feval fstarac 12,,,youtube_fPYfJCSnbVE,,false,2026-04-03T19:05:14.046494
anaaaa,,,youtube_fPYfJCSnbVE,,false,2026-04-03T19:05:14.046494
"shu b7bbaaa hl 8nnye
akid ken tamer by3rfne haha
l2nne bt7ke 3nne bl 7arf
Mosh 3arf at8yyr😩",,,youtube_fPYfJCSnbVE,,false,2026-04-03T19:05:14.046494
C vrais kol maa t7ab tatghayar mate9darch c durr,,,youtube_fPYfJCSnbVE,,false,2026-04-03T19:05:14.046494
اللى بيشوفها فى 2016 يخبط لايك كبرنا اوى ياجدعاااااااااااااان :),,,youtube_fPYfJCSnbVE,,false,2026-04-03T19:05:14.046494
Wow Tamer Hosny Allah gave you amazing voice Mashallah<33,,,youtube_fPYfJCSnbVE,,false,2026-04-03T19:05:14.749456
él oghnia dii matetmalch abadan 3achan bétméss kol chakhss fina koléna bnéghla w bnérga3 néghlat  ..  Msh 3rf Atghyar,,,youtube_fPYfJCSnbVE,,false,2026-04-03T19:05:14.749456
"kol youm bey3ady 3alaya, bey3ady w yensany",,,youtube_fPYfJCSnbVE,,false,2026-04-03T19:05:14.749456
Are you great tameer habibi,,,youtube_fPYfJCSnbVE,,false,2026-04-03T19:05:15.539322
من احلي واجمل الاغاني الهادفه بجد ليك يا تامر وال سابت بصمه كبيره اوي مع الناس كلها وبلا منازع من افضل الاغاني ف تاريخ #تامر_حسني 3>,,,youtube_fPYfJCSnbVE,,false,2026-04-03T19:05:15.539322
b7bha <3,,,youtube_fPYfJCSnbVE,,false,2026-04-03T19:05:15.540323
3/6/14 and still playing this song.,,,youtube_fPYfJCSnbVE,,false,2026-04-03T19:05:15.540323
Masr <3,,,youtube_fPYfJCSnbVE,,false,2026-04-03T19:05:15.540323
تامر <3,,,youtube_fPYfJCSnbVE,,false,2026-04-03T19:05:16.235398
"<3 beautiful. ...song! !!!!!!!!
<3<3<3<3",,,youtube_fPYfJCSnbVE,,false,2026-04-03T19:05:16.235398
ana ghaltan w dha3if w aneni :'(,,,youtube_fPYfJCSnbVE,,false,2026-04-03T19:05:16.235398
اغنيه رؤرؤؤؤؤؤؤؤؤؤؤؤؤؤؤؤ99999999999999999999999999999999999عه,,,youtube_fPYfJCSnbVE,,false,2026-04-03T19:05:16.939046
fgraaaaa 2wy ♥,,,youtube_fPYfJCSnbVE,,false,2026-04-03T19:05:18.336635
yee sho ba7eb hay al song :(,,,youtube_fPYfJCSnbVE,,false,2026-04-03T19:05:18.336635
I miss you  <3 tamer,,,youtube_fPYfJCSnbVE,,false,2026-04-03T19:05:18.999473
لبيه ياتمور دايما تعذبنا 3,,,youtube_fPYfJCSnbVE,,false,2026-04-03T19:05:18.999473
3ayzaaaaaaaaaak ya farouuuk tetgayar,,,youtube_fPYfJCSnbVE,,false,2026-04-03T19:05:18.999473
raw33333333333333a,,,youtube_fPYfJCSnbVE,,false,2026-04-03T19:05:19.742916
اللي لسة بيسمعها في 2013 لآيك :D,,,youtube_fPYfJCSnbVE,,false,2026-04-03T19:05:20.429712
can anyone translate this song to english for me?? respond to me on email simsima2792@live.com,,,youtube_fPYfJCSnbVE,,false,2026-04-03T19:05:20.429712
i love it <3,,,youtube_fPYfJCSnbVE,,false,2026-04-03T19:05:21.122510
wana kaman mch 3rfa at3'er bsbb wa7ed sbni mno llah,,,youtube_fPYfJCSnbVE,,false,2026-04-03T19:05:21.782705
sert 20 marra sem3eeta wara b3don wma 3mbezha2 mennaaaa best song ever 4 tamerrrrr <3,,,youtube_fPYfJCSnbVE,,false,2026-04-03T19:05:21.782705
"تامرُ حسني بهاذي الاغغغنيه 
المتكلم الرسمي لـ احساس لكل إنسان مقصر  ! <3ُ",,,youtube_fPYfJCSnbVE,,false,2026-04-03T19:05:22.401636
LoVe.It.!!!!! <3 <3 <3,,,youtube_fPYfJCSnbVE,,false,2026-04-03T19:05:24.324643
Love iT <3,,,youtube_fPYfJCSnbVE,,false,2026-04-03T19:05:24.324643
Love iT <3 :( !,,,youtube_fPYfJCSnbVE,,false,2026-04-03T19:05:24.324643
Love This Song So Much <3,,,youtube_fPYfJCSnbVE,,false,2026-04-03T19:05:24.923640
Rest in peace <3,,,youtube_YXx0UVVtGCU,,false,2026-04-03T19:05:26.615916
ba3d fi min l ghiniye ana albi mesh tabib ajmal ma2ta3,,,youtube_YXx0UVVtGCU,,false,2026-04-03T19:05:26.615916
alaaaaaaaaaah ya abo majd ya kbiiir m7da bi8ani ba3dak w mb2 tinteko tshilowa ya 2youra,,,youtube_YXx0UVVtGCU,,false,2026-04-03T19:05:26.615916
"Raw3a , un vrai icon de la chanson arabe",,,youtube_YXx0UVVtGCU,,false,2026-04-03T19:05:26.615916
"Melhem Barakat  you are Legend ,,,,,,

Eddy A2URAYA,",,,youtube_YXx0UVVtGCU,,false,2026-04-03T19:05:26.615916
"Hamaki - Howa Dah Habiby | 2020 | حماقي - هو ده حبيبي
https://youtu.be/YLtchjmVTWs",,,youtube_a4nixJxV0FU,,false,2026-04-03T19:05:28.383218
ادعولي أحقق حلمي 2026😢❤,,,youtube_a4nixJxV0FU,,false,2026-04-03T19:05:28.383218
❤❤❤ثانوية عامة 2026🥳,,,youtube_a4nixJxV0FU,,false,2026-04-03T19:05:28.383218
ثانويه عامه 2026,,,youtube_a4nixJxV0FU,,false,2026-04-03T19:05:28.383218
وينك يا حماقي مكانك فاضي برمضان 2026 ❤,,,youtube_a4nixJxV0FU,,false,2026-04-03T19:05:28.383218
اغنيه خريجين 2026 في العراق ❤,,,youtube_a4nixJxV0FU,,false,2026-04-03T19:05:28.383218
باقي ع متحاناتي 12 يوم وبقالي من الفصل الرابع للأحياء 6 اوراق واريد أتحفز اجيت اسمع هاي الغنيه ويارب ارجع اسمعها واني فرحانه بنجاحي من التمهيدي ادعولي حته اكدر افرح عيون امي 😭,,,youtube_a4nixJxV0FU,,false,2026-04-03T19:05:28.383218
دفعة 2026 وينكم؟😂❤❤,,,youtube_a4nixJxV0FU,,false,2026-04-03T19:05:28.383218
تجنننننن شغلوها بتخرجنا يوم 6🥹🫶🏼,,,youtube_a4nixJxV0FU,,false,2026-04-03T19:05:28.383218
"2026/1/8يارب اجعلني ذو حظٍ عظيمٌ يا الله انهيلي كابوس السادس وادخل كلية الطب يارب وحدك تعرف شكد تعبت وحاولت  علمود الطب يارب لا تحرمني منه اسألك بنور وجهك الذي أشرقت به الظلمات تكتب الطب من نصيبي يارب حتى لو كان قدري مو طب يا مغير الأقدار غير قدري لطريق الطب 
بأسمك العظيم والأحب على قلبي عندي أمل بيك كلش چبير وانتَ
 وياي مراح تعوفني ان شاء اسمك العظيم السنه الجايه اني اداوم بكليه الطب 
راح ارجع للفيديو واسوي تعديل لرسالتي لان اعرف ومتأكده رب العالمين راح يجبرني ♥️♥️🤲",,,youtube_a4nixJxV0FU,,false,2026-04-03T19:05:28.383218
2026/1/6 يارب سنة جاية اني كلية ياربب,,,youtube_a4nixJxV0FU,,false,2026-04-03T19:05:28.383218
"فين دفعه 26🦋💫

ربنا يجبر خاطرنا وقلوبنا   ويحققلنا احلامنا ويعينا عليها

















قولو آميييين يولاد 😊",,,youtube_a4nixJxV0FU,,false,2026-04-03T19:05:28.383218
"طبعا طبعا قادرين نعملها
طبعا نقدر ع الدنيا بحالها
ادعولي ربنا ييسرلي اموري واجيب تقدير حلو في الفاينال اولى طب بشرى دفعه 2025 ❤❤❤❤❤❤",,,youtube_a4nixJxV0FU,,false,2026-04-03T19:05:28.383218
آخر 2025,,,youtube_a4nixJxV0FU,,false,2026-04-03T19:05:28.383218
"15/11 من اعظم ايام حياتي 
حفلة السكراب مالتنا",,,youtube_a4nixJxV0FU,,false,2026-04-03T19:05:28.383218
ثانوية عامة 2026❤,,,youtube_a4nixJxV0FU,,false,2026-04-03T19:05:28.383218
ثانويه عامه 2026,,,youtube_a4nixJxV0FU,,false,2026-04-03T19:05:28.383218
يارب مريم تامر تجيب 90 فى المية,,,youtube_a4nixJxV0FU,,false,2026-04-03T19:05:28.383218
ثانويه عامه 2026❤,,,youtube_a4nixJxV0FU,,false,2026-04-03T19:05:28.383218
وانتهى السادس واني فزت 99.67 💓,,,youtube_a4nixJxV0FU,,false,2026-04-03T19:05:28.383218
"دفعة 2025 طلاب العراق 
مر سنة وثلاث شهور على بدء السادس وألى الان ما انتهى اتمنى من كل قلبي ينتهي بنتيجه مُرضية ❤️‍🩹",,,youtube_a4nixJxV0FU,,false,2026-04-03T19:05:28.383218
"2027🎓 
ادعولنا 🎓🌹",,,youtube_a4nixJxV0FU,,false,2026-04-03T19:05:28.383218
دفعه 2026 🫡🔥,,,youtube_a4nixJxV0FU,,false,2026-04-03T19:05:28.383218
مين داخل علم رياضه 2026😊❤,,,youtube_a4nixJxV0FU,,false,2026-04-03T19:05:29.123603
طلاب ثانويه عامه 2025 ربنا يجبر بخاطرنا كلنا ونفرح اهلينا ونفرح احنا كمان يارب❤️❤️❤️❤️❤️❤️❤️🥰,,,youtube_a4nixJxV0FU,,false,2026-04-03T19:05:29.123603
أنا رجعت بالزمن ل2019 الي هي آخر سنه في حياتي كانت حلوه❤️,,,youtube_a4nixJxV0FU,,false,2026-04-03T19:05:29.123603
٩ أيام للوزاري ادعولي 95.5 يارب ❤,,,youtube_a4nixJxV0FU,,false,2026-04-03T19:05:29.123603
بعد 9 ايام للوزاري سادس علمي خارجي اتمنئ ارجع يوم النتائج هنا واكتب اني حققت حلمي 🥹,,,youtube_a4nixJxV0FU,,false,2026-04-03T19:05:29.123603
طالبه سادس دفعه 26 ادعولي اطلع بالمعدل الي اريده 💘💘,,,youtube_a4nixJxV0FU,,false,2026-04-03T19:05:29.123603
"طالبة سادس ومابقى شي لامتحاناتي ادعولي انجح واجيب معدل عالي رجعوني بعد شهر 😔
2025/6/2",,,youtube_a4nixJxV0FU,,false,2026-04-03T19:05:29.123603
باقي ع الوزاري 21 يوم رجعوني بعد النتائج، امانه ادعولي انجح,,,youtube_a4nixJxV0FU,,false,2026-04-03T19:05:29.123603
مين هنا في 2025 بعد ماأصبحت الأغنية ترند تخرجات من الجامعة 🎓😍,,,youtube_a4nixJxV0FU,,false,2026-04-03T19:05:29.123603
مين بيسمع في 2025,,,youtube_a4nixJxV0FU,,false,2026-04-03T19:05:29.123603
"ادعولي بتول تجيب معدل بال 90
يارب يارب يارب",,,youtube_a4nixJxV0FU,,false,2026-04-03T19:05:29.123603
ادعولي اجبيب90%,,,youtube_a4nixJxV0FU,,false,2026-04-03T19:05:29.123603
طلاب السادس اكو احد هنا بعد 37 يوم للوزاري ان شاء الله ميضيع تعبنة🥹💙,,,youtube_a4nixJxV0FU,,false,2026-04-03T19:05:29.123603
"يوم نجاحي من السادس واشغلها بأعلى صوت وافتخر بنهاية طريقيي يااااارب😔😔😔✨✨✨✨✨.
2025/4/29",,,youtube_a4nixJxV0FU,,false,2026-04-03T19:05:29.123603
مين ثانية عامة دفعة 2025 🙂🤙,,,youtube_a4nixJxV0FU,,false,2026-04-03T19:05:29.123603
"ثانويةعامة 2025ودى اكتر اغنيه بتحفزنى
ادعولى❤",,,youtube_a4nixJxV0FU,,false,2026-04-03T19:05:29.123603
"ثانوية عامة 2025 
ادعولنا كتير احنا في فترة صعبة أوي",,,youtube_a4nixJxV0FU,,false,2026-04-03T19:05:29.123603
"طالبة سادس بعد 50 يوم للامتحانات 😔🩶🩶
ادعولي اطلع معدل عالي",,,youtube_a4nixJxV0FU,,false,2026-04-03T19:05:29.123603
مين بيسمعها 2025,,,youtube_a4nixJxV0FU,,false,2026-04-03T19:05:29.123603
Sanawya 3ama 2025😔☝🏻❤❤❤❤.,,,youtube_a4nixJxV0FU,,false,2026-04-03T19:05:29.912789
رمضان 2025❤,,,youtube_a4nixJxV0FU,,false,2026-04-03T19:05:29.912789
رمضان 2025❤❤,,,youtube_a4nixJxV0FU,,false,2026-04-03T19:05:29.912789
"نخلي ذكرى عسى ولعل نرجع الها واحنا محققين الي نسعى اله حاليا 
2025_3_11",,,youtube_a4nixJxV0FU,,false,2026-04-03T19:05:29.912789
رواد الاعمال 2025🎓😊🥹,,,youtube_a4nixJxV0FU,,false,2026-04-03T19:05:29.912789
رابع علمي ، يوم 10 ، شهر 3 ، 2025 ، ما بقة شي ع الإعفاء العام 💗.,,,youtube_a4nixJxV0FU,,false,2026-04-03T19:05:29.912789
دفعة 25 باقي 4 اشهر ونگول ختامها مسك,,,youtube_a4nixJxV0FU,,false,2026-04-03T19:05:29.912789
2025 !!مين بيسمعها,,,youtube_a4nixJxV0FU,,false,2026-04-03T19:05:29.912789
ثانوية ازهرية ونفسي ادخل طب ادعولي 2025❤,,,youtube_a4nixJxV0FU,,false,2026-04-03T19:05:29.912789
"طالبة طب اجيت اسمعها ديصيرلي شغف 
رجعوني ب 2030 دا اسمعها بتخرجي ان شاء الله",,,youtube_a4nixJxV0FU,,false,2026-04-03T19:05:29.912789
مين بيسمعها 2025🎉,,,youtube_a4nixJxV0FU,,false,2026-04-03T19:05:29.912789
"من مغترب اهلا ب رمضان 2025 ف مصر 
رمضان ف مصر حاجه تانيه ♥️😘",,,youtube_a4nixJxV0FU,,false,2026-04-03T19:05:29.912789
"يارب ابقى بسمعها وانا فإقتصاد وعلوم سياسية❤
14/1/2025❤",,,youtube_a4nixJxV0FU,,false,2026-04-03T19:05:30.678258
"ممكن تدعولي ادخل طب أسنان يا جماعه الخير ولكم جزيل الشكر 
انا ثانويه عامه دفعه 2025❤😢❤",,,youtube_a4nixJxV0FU,,false,2026-04-03T19:05:30.678258
2025 NorSamaa🎉🎉🎉❤,,,youtube_a4nixJxV0FU,,false,2026-04-03T19:05:30.678258
2ثانوي هرجع في 3ثانوي,,,youtube_a4nixJxV0FU,,false,2026-04-03T19:05:30.678258
"ثانويه عامه دفعه 2025
رجعوني كمان سنه❤",,,youtube_a4nixJxV0FU,,false,2026-04-03T19:05:30.678258
يارب ابقي دكتوره في المستقبل هارجع اشوف التعليق دا في 2027,,,youtube_a4nixJxV0FU,,false,2026-04-03T19:05:30.678258
دفعته 2025 اكيد بتسمع الاغنيه دي,,,youtube_a4nixJxV0FU,,false,2026-04-03T19:05:30.678258
"2024/12/13 سادس مُعيده 
راح اجيب الصيدلة بأذن الله هل سنه",,,youtube_a4nixJxV0FU,,false,2026-04-03T19:05:30.678258
دقيقه 0:55,,,youtube_a4nixJxV0FU,,false,2026-04-03T19:05:30.678258
3ثانويييي❤❤❤,,,youtube_a4nixJxV0FU,,false,2026-04-03T19:05:30.678258
ياااه عدى ع الاعلان ده 5 سنين والله ما مصدق 💔,,,youtube_a4nixJxV0FU,,false,2026-04-03T19:05:31.378477
"2024 /11/8 يوم الجمعة
حالياً انا طالبة سادس ودامتحن شهريات رجعوني بهذا التاريخ السنة الجاية 😔💞وادعولي انجح واحقق حلمي",,,youtube_a4nixJxV0FU,,false,2026-04-03T19:05:31.378477
"ثانويه عامه 
2025💗>",,,youtube_a4nixJxV0FU,,false,2026-04-03T19:05:31.378477
ثانوية عامة 2025 ان شاء الله بعد كام شهر هاجي وانا محققه حلم عمري اني ادخل طب القصر العيني حرفيا بعافر بقالي اكتر من 6 سنين من سته ابتدائي وربنا يعلم ان نيتي كلها خير عايزه انفع اهلي وبلدي وكون قادرة اني اساعد اي حد يطلب مساعدتي ، وظني بربي كل الخير، ادعولي 🤍,,,youtube_a4nixJxV0FU,,false,2026-04-03T19:05:31.378477
ادعولي انجح بالتمهيدي طالبة سادس  علمي خارجي دفعة  25 والمواد صعبة تمرضت كلش يارب هونها عليه وسهلي المواد ادعولي زهراء انجح بالتمهيدي,,,youtube_a4nixJxV0FU,,false,2026-04-03T19:05:32.134787
قادرين نعملها دفعه 2025  و كلها اشهر بسيطه  نكون حققنا احلامنا‍😉🥰,,,youtube_a4nixJxV0FU,,false,2026-04-03T19:05:32.134787
"22/9/2024
صغير قلبــي صار أول إبتدائي
إلى إبنــي..
سأظــل سنــدڪ وجيشــڪ الوحيــد في هذا العالــم، ولن أبالي حتى يشتــد عــودڪ
لا أستطيع أن أعــدڪ بأنني سأظــل موجودة لبقيــة حياتــڪ، ولڪني أعــدڪ بأنني سأظــل أحبــڪ لنهايــة حياتــي",,,youtube_a4nixJxV0FU,,false,2026-04-03T19:05:32.134787
يارب انجح ما بقى ع حلمي هواي ادعولي 2025❤,,,youtube_a4nixJxV0FU,,false,2026-04-03T19:05:32.134787
ابداع للان 2024❤,,,youtube_a4nixJxV0FU,,false,2026-04-03T19:05:32.134787
"توجيهي 2007 يارب وفقني واقدر احقق الي ببالي واجيب معدل حلو ويعجبني 
دعواتكم❤",,,youtube_a4nixJxV0FU,,false,2026-04-03T19:05:32.134787
دفعة 2025يارب طب بشري يارب ❤,,,youtube_a4nixJxV0FU,,false,2026-04-03T19:05:32.134787
دفعه 2025 واتمنى ربنا يوفقنا واحنا قادرين نعملها يرجاله ♥️♥️♥️♥️♥️يارب اجيب فوق ال 90 ف الميه نا وكل من قال امين ♥️♥️♥️♥️♥️🥹🥹🥹🥹🥹,,,youtube_a4nixJxV0FU,,false,2026-04-03T19:05:32.134787
"طبعا قادرين نعملها ان شاءالله
9/4 رغم كل شي انا كدها ان شاءالله بحول الله وقوته رح اتخطئ هاي الايام الصعبه الي ماتنطاق والاحباط الي صار وكل شي بس ح تمر !  ادعولي دور 2 سادس",,,youtube_a4nixJxV0FU,,false,2026-04-03T19:05:32.134787
"مين بيسمعها ف شهر 10,9,8 2024😂❤❤",,,youtube_a4nixJxV0FU,,false,2026-04-03T19:05:32.134787
مأجله اربع مواد وحيل تعبانه وامتحنت 3 مواد وطلعن 73 ادعولي اوصل لمعدل ثمانين 😞💔,,,youtube_a4nixJxV0FU,,false,2026-04-03T19:05:32.911623
يارب اجيب 98 بالتوجيهي ادعولي وان شاء الله ارجع أقولكم اني عملتها😢❤,,,youtube_a4nixJxV0FU,,false,2026-04-03T19:05:32.911623
قادرين نعملها ان شاء الله 2024،،،،،،، 💗🫧,,,youtube_a4nixJxV0FU,,false,2026-04-03T19:05:33.590995
ليالى امتحانات ثانويه عامه 2024 ❤,,,youtube_a4nixJxV0FU,,false,2026-04-03T19:05:34.308753
2024.. يارب طب بالجامعة الاردنية 💗,,,youtube_a4nixJxV0FU,,false,2026-04-03T19:05:34.308753
"طالبة سادس دفعة 24
ادعولي ❤",,,youtube_a4nixJxV0FU,,false,2026-04-03T19:05:34.308753
"النهاردة يوم 13/6/2024 انشالله هاجى ونا عايشة حلمى فيارب اجعل طب اسنان من نصيبى وافرح ماما وبابا واهلى كلهم 🥺🥰
لا تنسونى من صالح دعائكم 🥲",,,youtube_a4nixJxV0FU,,false,2026-04-03T19:05:34.308753
سادس عـلممي دفعةة 2025 🥹💔.,,,youtube_a4nixJxV0FU,,false,2026-04-03T19:05:34.308753
طالبة سادس بعد 3 ايام امتحاناتي ادعولي 😢,,,youtube_a4nixJxV0FU,,false,2026-04-03T19:05:34.995225
انا دفعه 2024ادعولي انجح وادخل طب اسنان يارب ❤❤❤❤❤ولكم المثل,,,youtube_a4nixJxV0FU,,false,2026-04-03T19:05:34.995225
طالبه وزاري ثالث بقه امتحانين ويخلص كابوس الثالث ادعولي انجح من اول دور 😔 2:55,,,youtube_a4nixJxV0FU,,false,2026-04-03T19:05:34.995225
شكلي بعد 9ايام عن امتحانتي ادعولي ❤,,,youtube_a4nixJxV0FU,,false,2026-04-03T19:05:35.734913
طبعا گادرين نعملها طلاب سادس مضل شي غير 9 تفصلنه عن تحقيق احلامنه 🤍✨,,,youtube_a4nixJxV0FU,,false,2026-04-03T19:05:35.734913
"0:17 
لا بخاف و هخاف ازاي يعني ❤❤",,,youtube_a4nixJxV0FU,,false,2026-04-03T19:05:36.464064
"يارب سنه جايه اشغلها بتخرجي 
تاريخ 2024 /5 /18 السبت ساعه 6:30",,,youtube_a4nixJxV0FU,,false,2026-04-03T19:05:36.464064
انا دفعه 2024 ضايل لتخريج 5 ايام 😢😢,,,youtube_a4nixJxV0FU,,false,2026-04-03T19:05:36.464064
"دفعة 2024 
يارب وفقنا وان شاء الله التوفيق للجميع 💛🫰🏻",,,youtube_a4nixJxV0FU,,false,2026-04-03T19:05:36.464064
قادرين نعملها ثانويه دفعه 2024❤,,,youtube_a4nixJxV0FU,,false,2026-04-03T19:05:37.159769
ادعولي انشاء الله ننجح 98 😭😭💗,,,youtube_a4nixJxV0FU,,false,2026-04-03T19:05:37.159769
"يا ارب اجيب مجموع عالي افرح بيه اهلي ❤ وترزقني بالكليه اللي في نصيبي اللي انا عايزاها ي رب ❤🥺.
ثانويه عامه 2024 بتاريخ 8/5❤",,,youtube_a4nixJxV0FU,,false,2026-04-03T19:05:39.754699
2024/5/6ماباقييي شي لللوزاريي وحقق لي مرادي في السادس الاعدادي سنة اولى بمعدل بعدد اسمائك الحسنى يارب ، أمين🏅🌠.,,,youtube_a4nixJxV0FU,,false,2026-04-03T19:05:40.403621
"طالب سادس دُفعة 2024 . 
حاليًا مُراجعة كيمياء الفصل الثالث وبنص الضيم 🤭😂 لكن ميخالف يستاهل التعب مولانا صاحب الزمان ❤
باقي للإمتحان الوزاري ٣٧ يوم ، تكمل إن شاء الله وأرجع مطلع المُعدل العالي ليش هالثقة ؟ لإنهُ الي ناذر دراسته قُربةً لوجه الله تعالى ولنصرة دولة القائم مراح ينخذل 🥲🩶.
د.مُقتدى فؤاد",,,youtube_a4nixJxV0FU,,false,2026-04-03T19:05:44.260200
02 April 2026,,,youtube_KDhKmbhVT9o,,false,2026-04-03T19:05:46.034877
مين مثلي مواليد 2006 وهاد ذوقو بلأغاني😢❤,,,youtube_KDhKmbhVT9o,,false,2026-04-03T19:05:46.034877
كلمات:الساهر...HAPPY SATURDAY 🎉2026_2027 🎉🎉😊🎉🎉🎉,,,youtube_KDhKmbhVT9o,,false,2026-04-03T19:05:46.034877
اسمعها في 2026 😅,,,youtube_KDhKmbhVT9o,,false,2026-04-03T19:05:46.034877
مواليد 2002 لكن عاشقة لزمن كانت فيه الطيبة عنوان الحياة❤,,,youtube_KDhKmbhVT9o,,false,2026-04-03T19:05:46.034877
"مين لسا يسمع هل تحفة الجميل لسا 22.02.26
ساعة ١١ ونصف توقيت المانيا 🤩",,,youtube_KDhKmbhVT9o,,false,2026-04-03T19:05:46.034877
2:28  بارتي المفضل,,,youtube_KDhKmbhVT9o,,false,2026-04-03T19:05:46.034877
انا ف 2026,,,youtube_KDhKmbhVT9o,,false,2026-04-03T19:05:46.034877
"هاي الليوم التلاتا
17/2/2026
بكرا عندي مادة اسمها مشكلات محاسبية وعم حل مسائل وعم اسمع اغاني يارب رفعا بكرا🥹
هي اخر سنة يارب اتخرج يااارب
متل الليوم بكون صرلنا انا واحمد ٨ شهور منعرف بعض يا ترا رح نضل سوا🫣",,,youtube_KDhKmbhVT9o,,false,2026-04-03T19:05:46.034877
2026❤🎉Gaza,,,youtube_KDhKmbhVT9o,,false,2026-04-03T19:05:46.034877
0:35 اللحن غييير شكل,,,youtube_KDhKmbhVT9o,,false,2026-04-03T19:05:46.034877
هي طبعا غير البقية 14-02-2026❤😞,,,youtube_KDhKmbhVT9o,,false,2026-04-03T19:05:46.034877
الاغنيه بتنسيني فيلم 2020  كانت أسوأ سنة شوفتها في حياتي جات الأسوأ منها 2026 ربنا يعديها علي خير,,,youtube_KDhKmbhVT9o,,false,2026-04-03T19:05:46.034877
من اسمعها 2026,,,youtube_KDhKmbhVT9o,,false,2026-04-03T19:05:46.034877
2026 ناووووو❤,,,youtube_KDhKmbhVT9o,,false,2026-04-03T19:05:46.034877
اسمع انته 2026😂,,,youtube_KDhKmbhVT9o,,false,2026-04-03T19:05:46.034877
2026/ انا هون ❤,,,youtube_KDhKmbhVT9o,,false,2026-04-03T19:05:46.034877
أنا بسمعها 2026,,,youtube_KDhKmbhVT9o,,false,2026-04-03T19:05:46.034877
اللي بيسمعها ب2026 يحط لايك❤,,,youtube_KDhKmbhVT9o,,false,2026-04-03T19:05:46.034877
من يسمعها 2026❤❤❤❤ من المغرب احيكم,,,youtube_KDhKmbhVT9o,,false,2026-04-03T19:05:46.034877
في الصمصم يا نبيل شعيل في الصميم  مين عم يسمع 2026,,,youtube_KDhKmbhVT9o,,false,2026-04-03T19:05:46.034877
انا مواليد 2009 لكني اعشق الاغاني القديمة بحس فيها مشاعر حقيقية ❤,,,youtube_KDhKmbhVT9o,,false,2026-04-03T19:05:46.034877
Habibi come to Australia my future 2nd wife,,,youtube_KDhKmbhVT9o,,false,2026-04-03T19:05:46.034877
في احد يسمعها ب2026 لو بس انا,,,youtube_KDhKmbhVT9o,,false,2026-04-03T19:05:46.034877
2026🥺طبعا يا حياتي غير..,,,youtube_KDhKmbhVT9o,,false,2026-04-03T19:05:46.824237
اسمعها ثاني يوم من راس السنه الميلاديه 2026 وگلبي ملهوف لاحلي ايام كنت اسمعها من الراديو وانا اساعد امي في المطبخ والان بناتي صارن بطولي ومتغربه في اروپا ❤الحمدلله علي السلامه والصحه والستر 🙏ويارب تكون سنه خير وسعاده وخاتمه الاحزان والحروب,,,youtube_KDhKmbhVT9o,,false,2026-04-03T19:05:46.824237
مين يسمعها ب2026❤,,,youtube_KDhKmbhVT9o,,false,2026-04-03T19:05:46.824237
مين هنا في 2026,,,youtube_KDhKmbhVT9o,,false,2026-04-03T19:05:46.824237
حد بيسمعها زى ف. 2025,,,youtube_KDhKmbhVT9o,,false,2026-04-03T19:05:46.824237
"December 23,2025",,,youtube_KDhKmbhVT9o,,false,2026-04-03T19:05:46.824237
احد يسمعها ب 2027 ؟؟,,,youtube_KDhKmbhVT9o,,false,2026-04-03T19:05:46.824237
مين يسمعها ب 2025؟😭😭,,,youtube_KDhKmbhVT9o,,false,2026-04-03T19:05:46.824237
7/11/2025 اسمعها 😊,,,youtube_KDhKmbhVT9o,,false,2026-04-03T19:05:46.824237
مين عم يسمعها 6/11/2025,,,youtube_KDhKmbhVT9o,,false,2026-04-03T19:05:47.699345
اكو واحد هنا 2025😅❤❤,,,youtube_KDhKmbhVT9o,,false,2026-04-03T19:05:47.699345
في حدا يسمعها  28/10/2025❤❤,,,youtube_KDhKmbhVT9o,,false,2026-04-03T19:05:47.699345
https://youtu.be/KDhKmbhVT9o?si=KcTukPjGlG1O8Ba8,,,youtube_KDhKmbhVT9o,,false,2026-04-03T19:05:47.699345
0:33 هالغنية بتعني لي الكثير ذكريات الزمن الجميل,,,youtube_KDhKmbhVT9o,,false,2026-04-03T19:05:47.699345
قرب مني يا عمري وهات 1999 .2025( هذا تاريخ سماعي الاغاني الشرقية),,,youtube_KDhKmbhVT9o,,false,2026-04-03T19:05:47.699345
منو يسمعها هسه 2025/10/18❤,,,youtube_KDhKmbhVT9o,,false,2026-04-03T19:05:47.699345
13ـ10ـ2025,,,youtube_KDhKmbhVT9o,,false,2026-04-03T19:05:47.699345
"10-10-2025 
لكن انت يا عمري غير طبعاً يا حياتي غير احساسك خلها الدنيا و شكل الدنيا بعيني غير",,,youtube_KDhKmbhVT9o,,false,2026-04-03T19:05:47.699345
2025. 08 October. 6.27❤,,,youtube_KDhKmbhVT9o,,false,2026-04-03T19:05:47.699345
في حد هون 2025,,,youtube_KDhKmbhVT9o,,false,2026-04-03T19:05:47.699345
"الاغنيه فيها كمية ذكريات وشعور❤❤
رجعوني بس تسمعوها❤2025",,,youtube_KDhKmbhVT9o,,false,2026-04-03T19:05:47.699345
مين مثلي يسمعها 2030,,,youtube_KDhKmbhVT9o,,false,2026-04-03T19:05:47.699345
"طبعاً غير
طبعاً غير
نبيل شعيل
2000
arrow
إستماع 1.6M • إعجاب 34.8K

اسمع الآن مجاناً
حبيبي
 أنا قبل ما اشوفك وألقى أماني
 وأحبك
 وأنسى أحزاني، أحزاني
 
 أنا قبل ما اشوفك وألقى أماني، أماني
 وأحبك
 وأنسى أحزاني، أحزاني
 كان الحب في حياتي
 يا حياتي خوف وألم
 خوف وألم
 وآه، آه، آه، آه
 لكن إنت يا عمري غير
 طبعا يا حبيبي غير
 إحساسك خلا الدنيا
 وشكل الدنيا بعيني غير، غير، غير
 لكن إنت يا عمري غير
 طبعا يا حياتي غير
 إحساسك خلا الدنيا
 (وشكل الدنيا بعيني غير (لكن
 لكن إنت يا عمري غير
 طبعا يا حياتي غير
 إحساسك خلا الدنيا
 وشكل الدنيا بعيني غير
 هيهات أنا أهوى يا عمري
 وأعشق غيرك هيهات
 هيهات تعشق هيهات
 أو أفكر يا حبيبي
 أبعد عنك هيهات
 هيهات أنا أهوى يا عمري
 (وأعشق غيرك هيهات (هيهات
 هيهات تعشق هيهات
 (أو أفكر (يا حبيبي
 أبعد عنك هيهات
 قرب مني يا عمري وهات
 هات، هات، هات
 قرب، قرب يلا وهات
 هات، هات، هات
 هات حبك وانسى ماضي فات
 وخذني لدنيا أجمل دنيا
 وحدك فيها وما في سواك
 وردها حبك عطرها قربك
 شمسها إنت وظلها هواك
 وخذني لدنيا أجمل دنيا
 وحدك فيها وما في سواك
 (وردها (حبك) عطرها (قربك
 شمسها إنت وظلها هواك
 واثبت للناس الغير
 إنك يا حبيبي غير
 إحساسك خلا الدنيا
 وشكل الدنيا بعيني غير
 لكن إنت يا عمري غير
 طبعا يا حبيبي غير
 إحساسك خلا الدنيا
 (وشكل الدنيا بعيني غير (لكن
 لكن إنت والله غير
 طبعا يا حبيبي غير
 إحساسك خلا الدنيا
 وشكل الدنيا بعيني غير، غير",,,youtube_KDhKmbhVT9o,,false,2026-04-03T19:05:47.699345
من2025,,,youtube_KDhKmbhVT9o,,false,2026-04-03T19:05:48.470385
انا في سبتمبر 2025,,,youtube_KDhKmbhVT9o,,false,2026-04-03T19:05:48.470385
فيه احد يسمعها 2025,,,youtube_KDhKmbhVT9o,,false,2026-04-03T19:05:48.470385
"2025/9/5
25سنه اسمعها لان عمري 33سنه",,,youtube_KDhKmbhVT9o,,false,2026-04-03T19:05:48.470385
في احد يسمعها في2025شهر سبتمبر❤❤❤❤,,,youtube_KDhKmbhVT9o,,false,2026-04-03T19:05:48.470385
مين بيسمعها في 2025❤,,,youtube_KDhKmbhVT9o,,false,2026-04-03T19:05:48.470385
Salame. Habibi. Ana.ma3ake..waallah.ya.faraje.3alik.❤❤❤❤,,,youtube_KDhKmbhVT9o,,false,2026-04-03T19:05:48.471385
في حد ف 2027,,,youtube_KDhKmbhVT9o,,false,2026-04-03T19:05:48.471385
في احد يسمعها في2025,,,youtube_KDhKmbhVT9o,,false,2026-04-03T19:05:49.232157
الوحيد الذي اسمعها 2025,,,youtube_KDhKmbhVT9o,,false,2026-04-03T19:05:49.232157
ايباه رجعتني. 30 سنة ايام العسكرية تحيه من العراق الفنان الغدير نبيل.,,,youtube_KDhKmbhVT9o,,false,2026-04-03T19:05:49.232157
"10/07/2025
يشدني الحنين الى الزمن الجميل",,,youtube_KDhKmbhVT9o,,false,2026-04-03T19:05:49.232157
2027 اصطفو جنلي,,,youtube_KDhKmbhVT9o,,false,2026-04-03T19:05:49.232157
مين بيسمعها بال 2025 يصف جنبي ويحط لايك,,,youtube_KDhKmbhVT9o,,false,2026-04-03T19:05:49.232157
2025/6/18وبعدها من احلى الاغاني ❤️🥹😊,,,youtube_KDhKmbhVT9o,,false,2026-04-03T19:05:49.232157
"17/06/2025
مشغلها الصبح 😅🎉❤",,,youtube_KDhKmbhVT9o,,false,2026-04-03T19:05:50.055120
اجمل اغنية كل كلماتها تعبر عن زوجي الغالي ابو البراء احبك لانك غير طبعا غير ياحبيبي احبك رغم كل الظروف الصعبة التي نمر فيها  اتمنى ان اعود واقرء هزا التعليق ونكون بافضل حال وسعيدين 13 13/6/2025,,,youtube_KDhKmbhVT9o,,false,2026-04-03T19:05:50.055120
طب في حدا يسمعها 2025 غيري❤❤,,,youtube_KDhKmbhVT9o,,false,2026-04-03T19:05:50.055120
مين يسمعها 2040,,,youtube_KDhKmbhVT9o,,false,2026-04-03T19:05:50.055120
2:36  الله. 🥹🫠,,,youtube_KDhKmbhVT9o,,false,2026-04-03T19:05:50.055120
فى حد لسه يسمعها فى 2025 ❤,,,youtube_KDhKmbhVT9o,,false,2026-04-03T19:05:50.055120
انا عم اسمعها ب 2025❤,,,youtube_KDhKmbhVT9o,,false,2026-04-03T19:05:50.055120
"‏‪5:02 أعيد بناء نفسي من الداخل, أنا الغريبُ وأنا المسافرُ, وأنا العائد, وأنا المستمر مع نفسي حتى النهاية.",,,youtube_KDhKmbhVT9o,,false,2026-04-03T19:05:50.055120
مين كمان بيسمعها في 2025 <3,,,youtube_KDhKmbhVT9o,,false,2026-04-03T19:05:50.055120
مين متلي يسمعها هلأ 2025/5/21 ساعة 3 الفجر,,,youtube_KDhKmbhVT9o,,false,2026-04-03T19:05:50.766168
20/5/2025  أول أغنية جمعتنا يارب سخر لنا الحلال من لدنك ولكل من قال اللهم أمين وأجمعين❤,,,youtube_KDhKmbhVT9o,,false,2026-04-03T19:05:50.766168
جيتكم من 2826😢🎉❤,,,youtube_KDhKmbhVT9o,,false,2026-04-03T19:05:50.766168
"اي ورب 2:46
2025/5/8",,,youtube_KDhKmbhVT9o,,false,2026-04-03T19:05:50.766168
انا متأكد الي يسمعها 2025 هدول من جيل الطيبين ❤,,,youtube_KDhKmbhVT9o,,false,2026-04-03T19:05:50.766168
‏‪2:34‬‏ السادس انت غير,,,youtube_KDhKmbhVT9o,,false,2026-04-03T19:05:50.766168
فينكم جيل الثمانينات كسركم الزمن ورجعكم الحنين 😢مين يسمعها في 2025,,,youtube_KDhKmbhVT9o,,false,2026-04-03T19:05:51.477977
2025/4/28 الله ❤,,,youtube_KDhKmbhVT9o,,false,2026-04-03T19:05:51.477977
انا اول مره اشوفها الا اليوم تاريخ 22ابريل 2025,,,youtube_KDhKmbhVT9o,,false,2026-04-03T19:05:51.477977
في حدا ب 2025❤,,,youtube_KDhKmbhVT9o,,false,2026-04-03T19:05:52.153322
منو من الجيل القديم ويسمعها ب 2025😢,,,youtube_KDhKmbhVT9o,,false,2026-04-03T19:05:52.153322
انا اسمي ميدو عندي 24 سنه و نفسي اسافر لي قاهره وانا في مصر 😂😂,,,youtube_KDhKmbhVT9o,,false,2026-04-03T19:05:52.153322
العيد اليوم مين هون 2025/4/2❤,,,youtube_KDhKmbhVT9o,,false,2026-04-03T19:05:52.852076
حيل احبهااا جنت اسمعها واني عمري 20وحاليا داع اسمعها واني 25ويه الشخص الصح والي يستاهلها اغنيها اله❤😊,,,youtube_KDhKmbhVT9o,,false,2026-04-03T19:05:52.852076
جيل الألفين وبيسمعها ب القرن 25  يصف جنبي ❤,,,youtube_KDhKmbhVT9o,,false,2026-04-03T19:05:52.852076
منو جاي ب 2025اثبتو وجودكم😭💗🦋,,,youtube_KDhKmbhVT9o,,false,2026-04-03T19:05:52.852076
16 /3 /2025 رح تبقى انت غير مهما طال الانتظار ❤,,,youtube_KDhKmbhVT9o,,false,2026-04-03T19:05:53.525587
اكتب الان سنه 2025 بعد ما تعرضت لكثير من الخذلان والفقد والهجر والخيانه واقول الحمدلله الذي اعطاني العوض عن كل ذلك واتمني من ربنا يتم لينا ع خير وبنهايه السنه نكون متجوزين ❤,,,youtube_KDhKmbhVT9o,,false,2026-04-03T19:05:53.525587
2025 and I am still in love with this song,,,youtube_KDhKmbhVT9o,,false,2026-04-03T19:05:54.234198
11:11 يارب اجمعني بمن احب ❤ 2025.2/21,,,youtube_KDhKmbhVT9o,,false,2026-04-03T19:05:55.025140
منو اجه من 2025😂,,,youtube_KDhKmbhVT9o,,false,2026-04-03T19:05:55.025140
حدا يسمعها 2025❤❤❤,,,youtube_KDhKmbhVT9o,,false,2026-04-03T19:05:55.025140
مين مثلي عم يسمعها ف 2025❤🎉🎉😂,,,youtube_KDhKmbhVT9o,,false,2026-04-03T19:05:55.696187
رمضان كريم ❤2025,,,youtube_KDhKmbhVT9o,,false,2026-04-03T19:05:55.696187
فبراير. 2025  ولا اروع,,,youtube_KDhKmbhVT9o,,false,2026-04-03T19:05:56.398205
في احد ب 2025❤,,,youtube_KDhKmbhVT9o,,false,2026-04-03T19:05:57.057509
مين يسمعها ب 2025؟؟❤❤,,,youtube_KDhKmbhVT9o,,false,2026-04-03T19:05:57.676540
مين لسه في 2027,,,youtube_KDhKmbhVT9o,,false,2026-04-03T19:05:58.321849
‏‪2:29‬‏ من هون الفقرة المفضلة,,,youtube_KDhKmbhVT9o,,false,2026-04-03T19:06:01.618646
2026 اللي يسمعها في,,,youtube_jAWRyGY7880,,false,2026-04-03T19:06:03.399370
"أجمل أيام الحب 2010 ❤
راحت 💔💔",,,youtube_jAWRyGY7880,,false,2026-04-03T19:06:03.399370
مين بيسمعها 2025❤,,,youtube_jAWRyGY7880,,false,2026-04-03T19:06:03.399370
جيل ال80❤,,,youtube_jAWRyGY7880,,false,2026-04-03T19:06:03.399370
الله عليكي ياست ❤❤2025,,,youtube_jAWRyGY7880,,false,2026-04-03T19:06:03.399370
كل اما اجى استمتع بشحنه عاطفيه تملئ فراغ قلبى وتنضفه من الهم والحزن اللى سكنينه  الاقى نفسى بستمتع اكتر بتعليقاتكم ع الفيديو بحس ان كلنا بنيجى هنا عشان نشحن 2025/1/12,,,youtube_jAWRyGY7880,,false,2026-04-03T19:06:03.399370
حبيبي و زوجي وقلبي وبعد عمري أنت جعل ربي يخارجك ويفرح قلبك عاجل غير اجل ويفرحني بخروجك دعوتكم لا زوجي دعوات الغريب مستجابه أهداني الاغنيه وهوا ف سجن الله يطيب خاطرك ويريحك ويديم بينا الاحترام وتقدير والحب 🥹❤️2024/9/7م س10:33م,,,youtube_jAWRyGY7880,,false,2026-04-03T19:06:03.399370
2024 بسمعها وبروح معاها لدنيا تانيه خالص❤,,,youtube_jAWRyGY7880,,false,2026-04-03T19:06:03.399370
Jan 2024❤,,,youtube_jAWRyGY7880,,false,2026-04-03T19:06:03.399370
ااااااااه ياسلام قمة في الابداع والذوق والخيال ودفئ المشاعر ربنا يرحمك ياوردة الوردات ويرحم عمار الشريعي حيا وميتا ❤❤❤❤❤❤❤❤❤❤❤❤❤❤❤❤❤❤ويجمعكم انتي وبليغ في الجنة2023/10/22,,,youtube_jAWRyGY7880,,false,2026-04-03T19:06:03.399370
ورده وطبعا أحباب يوم 28 ديسمبر2022,,,youtube_jAWRyGY7880,,false,2026-04-03T19:06:04.253669
ديسمبر 2022 😍,,,youtube_jAWRyGY7880,,false,2026-04-03T19:06:04.253669
الذي يسمع ورده 2050 اثبت وجودك,,,youtube_jAWRyGY7880,,false,2026-04-03T19:06:04.253669
مين يسمع وردة2022,,,youtube_jAWRyGY7880,,false,2026-04-03T19:06:04.253669
2021 و لسة بنسمع وردة,,,youtube_jAWRyGY7880,,false,2026-04-03T19:06:04.253669
*16:34** ࿐ツ✎*,,,youtube_jAWRyGY7880,,false,2026-04-03T19:06:04.253669
زكريات البيجو 504 😎وسفر سوهاج سنه 1989,,,youtube_jAWRyGY7880,,false,2026-04-03T19:06:04.253669
وردة والفن الرايقى فى زمن الكورنا يارب هون الايام وارفع عنا الوباء  البلاء 2021,,,youtube_jAWRyGY7880,,false,2026-04-03T19:06:04.253669
الله الله عليكي 2020,,,youtube_jAWRyGY7880,,false,2026-04-03T19:06:04.253669
14:32 إبداع من الموسيقار الكبير عمار الشريعي ترجمته الوردة وردة,,,youtube_jAWRyGY7880,,false,2026-04-03T19:06:04.253669
16:59 الابداع كلو ⁦❤️⁩,,,youtube_jAWRyGY7880,,false,2026-04-03T19:06:04.997512
مين معايا بيسمعها 2020زمن كورونا,,,youtube_jAWRyGY7880,,false,2026-04-03T19:06:04.997512
مين يسمعها في 2020وزمن الكورونا,,,youtube_jAWRyGY7880,,false,2026-04-03T19:06:04.997512
قمة الابداع14:32,,,youtube_jAWRyGY7880,,false,2026-04-03T19:06:04.997512
يا جماعا خلاس هيا متت خلاس احنافى2020 فى ا غانى جديده,,,youtube_jAWRyGY7880,,false,2026-04-03T19:06:04.997512
كلمات ، لحن ، أداء ، صوت من الزمن الجميل ، أنه الطرب الختام ، شكراً مصر من القلب ، 2 يونيو 2020 .,,,youtube_jAWRyGY7880,,false,2026-04-03T19:06:04.997512
مين هنا 2020 💕💗💓❤️♥️😍😘,,,youtube_jAWRyGY7880,,false,2026-04-03T19:06:04.997512
من يسمعها 2020 يحط لايك,,,youtube_jAWRyGY7880,,false,2026-04-03T19:06:04.997512
مين معايا بيسمع وردة 2019  يشرف,,,youtube_jAWRyGY7880,,false,2026-04-03T19:06:04.997512
يا حلاوة صوتك <3,,,youtube_jAWRyGY7880,,false,2026-04-03T19:06:04.997512
3 العيد 💕💕❤1439,,,youtube_jAWRyGY7880,,false,2026-04-03T19:06:05.842510
"الله على وردة قلبي ذكرتني وانا بسن 14 سنة 
سنة 1984 الله تعلمنا منها الرقي ونحن مراهقات وتعلمنا منها الحب العفيف كلمات صدج معبرة الله يرحمها",,,youtube_jAWRyGY7880,,false,2026-04-03T19:06:05.842510
15:15 هنا يبدأ الابداع,,,youtube_jAWRyGY7880,,false,2026-04-03T19:06:05.842510
تحية  لوردة  والماسية ولواحد  دلوقت فاكره بس مش  فاكر اسمه خالص  مش  مهم الاسماء  المهم لحن القلوب  مع انغام العزف المنفرد والصحبة الحلوة بخاصة لما تكون صحبة  ورد  بس  مش  ليكي  منك                جمال  ششتاوي                2016                     2017                     2018                      عندي روميتات يا مة,,,youtube_jAWRyGY7880,,false,2026-04-03T19:06:05.842510
2026ياجي هنا😂❤🎉,,,youtube_6JbWm5bQUvs,,false,2026-04-03T19:06:08.324069
Anyone from 2025 here??,,,youtube_6JbWm5bQUvs,,false,2026-04-03T19:06:08.324069
"الاغنيه دي لازم تسمها بليل في شهر ديسمبر بعد الساعة 12 
ومهدي اضاءة الغرفة ومولع سوجارة وتسمع لحن الاغنيه مع بحة صوت ياسمين 
وتفصل شوية عن زحمه الحياه وتعمل لعقلك ريستارت",,,youtube_6JbWm5bQUvs,,false,2026-04-03T19:06:08.324069
"2023 and still hit different, وصلنا 2023 والاغنية جوها حلو",,,youtube_6JbWm5bQUvs,,false,2026-04-03T19:06:08.324069
‏‪1:24‬‏ خراااااا,,,youtube_6JbWm5bQUvs,,false,2026-04-03T19:06:08.324069
هاي 2027,,,youtube_6JbWm5bQUvs,,false,2026-04-03T19:06:08.324069
2021لسه بسمعه وبحبها بحس أن الاغنيه كانت سبقا زمنه بكتير❤️❤️❤️,,,youtube_6JbWm5bQUvs,,false,2026-04-03T19:06:08.324069
"حد يعرف اكونت ياسمين يا جدعان
انا بقاللي 3سنين بسمع اغنية دي",,,youtube_6JbWm5bQUvs,,false,2026-04-03T19:06:08.324069
2010 ..توزيع راهيب,,,youtube_6JbWm5bQUvs,,false,2026-04-03T19:06:08.324069
"Great, she has a jazzy oriental voice, she mixed the Doors music with her own,  genuis",,,youtube_6JbWm5bQUvs,,false,2026-04-03T19:06:08.324069
Impressive base guitar line,,,youtube_6JbWm5bQUvs,,false,2026-04-03T19:06:08.324069
omgggg 2018 ???,,,youtube_6JbWm5bQUvs,,false,2026-04-03T19:06:08.324069
147 retards living in the stone ages have no idea what art is!,,,youtube_6JbWm5bQUvs,,false,2026-04-03T19:06:08.326126
c'est la chanson de lana del rey : version arabe mais bon bien :),,,youtube_6JbWm5bQUvs,,false,2026-04-03T19:06:08.326126
ENTA FEIN IK OOK VAN JOU  JIJ DIE ZO MOOI ZINGT OVER HET HOUDEN VAN EN DAN DEZE MELODIE DANK JE WEL WOUTER JOANNES  H,,,youtube_6JbWm5bQUvs,,false,2026-04-03T19:06:08.326126
"SEN NEREDESİN,AŞK SEVGİ NEREDE?   https://www.facebook.com/ArabicMusicAntioche
Yasemin Hamdan ,albüme ismini veren Enta Fen (Sen neredesin,Aşk sevgi nerede) çalışması.Şarkının ikinci bölümünde sufi zikir müziği dikkati çekiyor,çalışma zaten kalp atışlarıyla başlayıp öyle bitiyor..(Eh artık çakma pop'çularımızdan sanat danışmanlığı falan filanı alırım :) 
album: Enta Fen (2005)..",,,youtube_6JbWm5bQUvs,,false,2026-04-03T19:06:09.090253
Yassmin is the Arabic lana del ray,,,youtube_6JbWm5bQUvs,,false,2026-04-03T19:06:09.090253
Ente btjnne ....... i adore ur music ya she5a ♥,,,youtube_6JbWm5bQUvs,,false,2026-04-03T19:06:09.090253
@manawisha فيه اغنيه تانيه في الفيلم للفنانه الجزائريه سعاد ماسي اسمها غير انت من اروع الاغاني بردو,,,youtube_6JbWm5bQUvs,,false,2026-04-03T19:06:09.090253
"انت الوحيده انتي فريده انتي مفيشش زيك 2  
بحبك  يا يســـــــــــــــمين",,,youtube_6JbWm5bQUvs,,false,2026-04-03T19:06:09.090253
2026 تجمع هنا ❤❤❤,,,youtube_5wuqfed0bXM,,false,2026-04-03T19:06:10.428916
مين يسمعها ب2026❤,,,youtube_5wuqfed0bXM,,false,2026-04-03T19:06:10.428916
من جاي من بعد فليم اللمبي 2002,,,youtube_5wuqfed0bXM,,false,2026-04-03T19:06:10.428916
منو يسمعه 2025 ❤,,,youtube_5wuqfed0bXM,,false,2026-04-03T19:06:10.428916
هو طبيعي إنو عمري 16 و بسمع للأغاني دي؟,,,youtube_5wuqfed0bXM,,false,2026-04-03T19:06:10.428916
صباح ربيع 2025,,,youtube_5wuqfed0bXM,,false,2026-04-03T19:06:10.428916
2025 bac,,,youtube_5wuqfed0bXM,,false,2026-04-03T19:06:10.428916
26/1/2025 تحيه لكم من اليمن,,,youtube_5wuqfed0bXM,,false,2026-04-03T19:06:10.428916
‏‪2:09‬‏ افضل جُزء 😢.,,,youtube_5wuqfed0bXM,,false,2026-04-03T19:06:10.428916
2024 ولسه بنسمعك,,,youtube_5wuqfed0bXM,,false,2026-04-03T19:06:10.428916
الخميس ٢ نوفمبر 2023,,,youtube_5wuqfed0bXM,,false,2026-04-03T19:06:10.428916
23/3/2023الساعة تشير الى 9ليلا بعد افطار رمضان اخدتني الكلمات الى بحر الماضي ايام الطفولة اكيد هناك من سيسمعها بعدنا فليتذكرنا,,,youtube_5wuqfed0bXM,,false,2026-04-03T19:06:10.428916
2023 تحيا من فرنسا (جزائرية),,,youtube_5wuqfed0bXM,,false,2026-04-03T19:06:10.428916
2022 تحية طيبة من المغرب,,,youtube_5wuqfed0bXM,,false,2026-04-03T19:06:10.428916
2021 و مازال كنتصنطو ليها ماكايموتوش بحال هاد الاغاني,,,youtube_5wuqfed0bXM,,false,2026-04-03T19:06:10.428916
الي يسمعها ف 2020 يحط لايك كده,,,youtube_5wuqfed0bXM,,false,2026-04-03T19:06:10.428916
الي يسمعها 2020 ينطي لايك وفد تعليق اريد اشوف الأذواق 😍😍😇,,,youtube_5wuqfed0bXM,,false,2026-04-03T19:06:11.195701
لي جاي يسمعها في 2020 يخلي لاك خل نشوف كم واحد عنده ذوق 💔☹️,,,youtube_5wuqfed0bXM,,false,2026-04-03T19:06:11.195701
روووعة  17.01.2020,,,youtube_5wuqfed0bXM,,false,2026-04-03T19:06:11.195701
"11/01/2020 😊😊
ما زالت ام كلثوم هي ام كلثوم 🥰",,,youtube_5wuqfed0bXM,,false,2026-04-03T19:06:11.195701
في حده لى يسمع لى أم كلثوم في 2020/01/09,,,youtube_5wuqfed0bXM,,false,2026-04-03T19:06:11.195701
23 08 2019  الساعة تشير إلى 6 صباحا نوبة العمل الليلية على مشارف الآنتهاء كوب قهوة وسيجارة أخذتني هاته الأغنية إلى أيام خوالي حيث الطفولة والذكريات الجميلة شكرا لكل كلمة نطقت بها يا كوكب الشرق فعلا أسطورة لن تتكرر,,,youtube_5wuqfed0bXM,,false,2026-04-03T19:06:11.195701
الى يسمع فى 2019 يخبط لايك,,,youtube_5wuqfed0bXM,,false,2026-04-03T19:06:11.195701
من العراق 2019 ❤️❤️,,,youtube_5wuqfed0bXM,,false,2026-04-03T19:06:11.195701
"28/فبراير/2019
الساعه: 11:2

مع الحشيش والاغنيه دخلتني جو هبل 😓😓",,,youtube_5wuqfed0bXM,,false,2026-04-03T19:06:11.952556
الله يرحمج الي جاي يسمعها ب2019لايك خل انشوف كم ذواق يسمع السيده أم كلثوم  الله يرحمها,,,youtube_5wuqfed0bXM,,false,2026-04-03T19:06:11.952556
2018 تعالى جمب اخووك 😂😂,,,youtube_5wuqfed0bXM,,false,2026-04-03T19:06:11.952556
الي جاي من 2017 لايك 😂😂😂,,,youtube_5wuqfed0bXM,,false,2026-04-03T19:06:11.952556
مين بيسمعها ف 2026انااااا😂❤,,,youtube_0UkIrlFKHng,,false,2026-04-03T19:06:16.129231
سمعتها 15 مره 😂😂😅مين اللي سمعها زاي 😅,,,youtube_0UkIrlFKHng,,false,2026-04-03T19:06:16.129231
مين بيسمها في الفين 2026❤❤,,,youtube_0UkIrlFKHng,,false,2026-04-03T19:06:17.663259
الي بيتفرج 2028😂😂😂😂😂😂,,,youtube_0UkIrlFKHng,,false,2026-04-03T19:06:18.462626
ناملعب يعني غزل امي معاها انا ❤❤❤❤❤❤❤❤😢والتي ة من كلامنا معاها تيستبتق❤❤❤❤ ‏‪3:43‬‏,,,youtube_0UkIrlFKHng,,false,2026-04-03T19:06:18.462626
ال بيتفرج من 2026❤,,,youtube_0UkIrlFKHng,,false,2026-04-03T19:06:18.462626
ماذا اسمي واحده بس ربنا يكرمك وتوصل 2 مليون,,,youtube_0UkIrlFKHng,,false,2026-04-03T19:06:19.242922
😊😅🎉😂❤❤❤😅😮q🎉❤😅🎉😅😢😮😊😊😊😢😊😢😊😅😂😊😂🎉😅😊😢😂😊😊😢😅😅😅😂😊❤😂😊😅🎉🎉🎉😢😅😅😂😊❤😂ofvmkllllzmkskaguwpqvsbvwvBMznnnnnnnn. Nn nnpppp m48 becoming video or,,,youtube_0UkIrlFKHng,,false,2026-04-03T19:06:19.242922
قبل5 ساعة🎉🎉🎉🎉🎉🎉🎉🎉🎉🎉🎉🎉🎉🎉🎉🎉🎉🎉🎉🎉🎉🎉🎉🎉🎉🎉🎉🎉🎉🎉🎉🎉🎉🎉🎉🎉🎉🎉🎉🎉🎉🎉🎉🎉🎉🎉🎉🎉🎉🎉🎉🎉🎉🎉🎉🎉🎉🎉🎉🎉🎉🎉🎉🎉🎉🎉🎉❤❤❤❤❤❤❤❤❤❤❤❤❤❤❤❤❤❤❤❤❤❤❤❤❤❤❤❤❤❤❤❤❤❤❤❤❤❤❤❤❤❤❤❤,,,youtube_0UkIrlFKHng,,false,2026-04-03T19:06:20.043824
‏‪1:35‬‏  الحته المنتظره 😉😉😉🥰😘🥰,,,youtube_0UkIrlFKHng,,false,2026-04-03T19:06:20.043824
الاغنيه الجديده من 150 لو الاسم غلط هات لي اسمها صح معلش يا اسلام كابونجا بحبك والله يا حبيبي😂😂😂😂😂😂😂😂😂😂😂😂😂😂😂😂😂😂😂😂😂😂😂😂,,,youtube_0UkIrlFKHng,,false,2026-04-03T19:06:20.043824
نتبلمتفخلتقتتفت ‏‪2:21‬‏ ‏‪2:23‬‏ ‏‪2:23‬‏,,,youtube_0UkIrlFKHng,,false,2026-04-03T19:06:20.853078
‏‪1:32‬‏ الترند الجديد,,,youtube_0UkIrlFKHng,,false,2026-04-03T19:06:21.851401
مشاء الله عليك 🎉🎉❤❤ ‏‪0:42‬‏ 😂❤ الله عليك,,,youtube_0UkIrlFKHng,,false,2026-04-03T19:06:22.641687
الاغنيه جابت 3 مليون اما نشوف حبيب النبي هيجيب كام,,,youtube_0UkIrlFKHng,,false,2026-04-03T19:06:25.029467
جيت من عند ناصر الجن تيك توك ❤❤❤ ‏‪0:35‬‏,,,youtube_0UkIrlFKHng,,false,2026-04-03T19:06:25.029467
هوده الكلم🎉🫣 ‏‪3:20‬‏,,,youtube_0UkIrlFKHng,,false,2026-04-03T19:06:27.123639
الي زوجتي بحبك اوي ربنا يخليكي يا رب ❤ 2026,,,youtube_6B9utZOePLs,,false,2026-04-03T19:06:29.185955
مين بيسمعها فى 2026,,,youtube_6B9utZOePLs,,false,2026-04-03T19:06:29.185955
‏‪1:21‬‏ مين جاي في 2026❤,,,youtube_6B9utZOePLs,,false,2026-04-03T19:06:29.185955
2026 وما زلت بسمعها 💔,,,youtube_6B9utZOePLs,,false,2026-04-03T19:06:29.185955
مين لسه بيسمعها ف 2026😂❤❤❤❤✨,,,youtube_6B9utZOePLs,,false,2026-04-03T19:06:29.185955
"Bahaa sultan ❤
   1/29/2026",,,youtube_6B9utZOePLs,,false,2026-04-03T19:06:29.185955
https://youtube.com/@ahmed.magdy.0?si=bjI9i_JgDO5HdoEV,,,youtube_6B9utZOePLs,,false,2026-04-03T19:06:29.185955
https://youtube.com/@ahmed.magdy.0?si=bjI9i_JgDO5HdoEV,,,youtube_6B9utZOePLs,,false,2026-04-03T19:06:29.185955
https://youtube.com/@ahmed.magdy.0?si=bjI9i_JgDO5HdoEV,,,youtube_6B9utZOePLs,,false,2026-04-03T19:06:29.185955
https://youtube.com/@ahmed.magdy.0?si=bjI9i_JgDO5HdoEV,,,youtube_6B9utZOePLs,,false,2026-04-03T19:06:29.185955
مين ف 2026 😂❤❤,,,youtube_6B9utZOePLs,,false,2026-04-03T19:06:29.185955
مين ف 2026 😂,,,youtube_6B9utZOePLs,,false,2026-04-03T19:06:29.185955
مين هنا 2026,,,youtube_6B9utZOePLs,,false,2026-04-03T19:06:29.186871
اول حد يسمعها في 2026😎😂,,,youtube_6B9utZOePLs,,false,2026-04-03T19:06:29.186871
مين بيسمعها ف شهر 12\2025,,,youtube_6B9utZOePLs,,false,2026-04-03T19:06:29.186871
😂بسمعها وفاضل يومين علي 2026,,,youtube_6B9utZOePLs,,false,2026-04-03T19:06:29.186871
انا بوثق الحظه الي سمعت الاغنيه دي  مع حب عمري الساعه 3.8❤,,,youtube_6B9utZOePLs,,false,2026-04-03T19:06:29.186871
"صار 12 يوم منفصلين وشفت هالاغنيه صدفه وحسيتها منه مسميني ملاكي بجيت من سمعتها 🥺💔
27/11
14:31م",,,youtube_6B9utZOePLs,,false,2026-04-03T19:06:29.186871
مين يسمعها في2026❤,,,youtube_6B9utZOePLs,,false,2026-04-03T19:06:29.186871
كنت اتمنى ان تقال لي هذه الكلمات 😢2025,,,youtube_6B9utZOePLs,,false,2026-04-03T19:06:30.091999
اشكرك حبيبَـي ؏ؖ اغنيه ربـيہ لايحرمني منك عشت وياك 5 سنوات פـب ومازلنا مستمرين سوا ❤ ﺎد؏ـي مـטּ ربـيہ يجمعنا بل حلال ومنتعاوف ياحبيبي وروحي إﻧـتہ سندჂ̤ وقوتي وتاج راسي Omar  ٲפـبـك مـטּ كل ڪـلبـي حبيبَـي 2025/11/7 يارب ﺎۛرۢجٰـٰۢ؏ۛ ↵ ؏ؖ تعليقي بعدد سنه ونكون متزوجين احبككك تاཌ֑ راسي حبيبَـي انته عمرررري ❤❤❤❤❤❤❤❤❤❤❤❤❤❤❤❤❤❤❤❤❤,,,youtube_6B9utZOePLs,,false,2026-04-03T19:06:30.091999
مين لسه بسمه فى 2025 وداخلين على 2026😂😂❤,,,youtube_6B9utZOePLs,,false,2026-04-03T19:06:30.091999
الحد 19 أكتوبر 2025♥️🫀✨️,,,youtube_6B9utZOePLs,,false,2026-04-03T19:06:30.091999
مين بسمعها ف 2025😂❤❤❤❤❤😍,,,youtube_6B9utZOePLs,,false,2026-04-03T19:06:30.091999
اسمعها في 2025 💔🥲😎✌️🇩🇿,,,youtube_6B9utZOePLs,,false,2026-04-03T19:06:30.091999
مين بيسمعها في 2026 😍,,,youtube_6B9utZOePLs,,false,2026-04-03T19:06:30.091999
في حد في 2025 حاسه ان انا بس اللي موجوده😂,,,youtube_6B9utZOePLs,,false,2026-04-03T19:06:30.091999
ان ليسه بسمعه فى 2025,,,youtube_6B9utZOePLs,,false,2026-04-03T19:06:30.091999
2022 : لما عرفنا بعض و قولتلي انك بتحب بهاء سلطان و انا قولتلك مش بحبه ، و بعدين بقيت اسمعه و حبيته عشانك و دي كانت الأغنيه اللي بغنيهالك دايماً و كانت أغنيتنا عدا تلت سنين وانتَ نسيت وانا لسه منستش و بسمع اغنيتنا لوحدي و مش بغنيهالك زي ما متعوده,,,youtube_6B9utZOePLs,,false,2026-04-03T19:06:30.093000
Radio+87.89,,,youtube_6B9utZOePLs,,false,2026-04-03T19:06:30.093000
مين بيسمعها 2025😂,,,youtube_6B9utZOePLs,,false,2026-04-03T19:06:30.093000
مين لسا بيسمعها ف 2025😂,,,youtube_6B9utZOePLs,,false,2026-04-03T19:06:30.093000
مين هنا بعد مرور الزمان 2025,,,youtube_6B9utZOePLs,,false,2026-04-03T19:06:30.885559
معاكو ءنتو ال😊😊😊2😆😆😆😆😆😆😆😆,,,youtube_6B9utZOePLs,,false,2026-04-03T19:06:30.885559
Zeanb❤ 21/5/2025,,,youtube_6B9utZOePLs,,false,2026-04-03T19:06:30.885559
2025 مين زيي,,,youtube_6B9utZOePLs,,false,2026-04-03T19:06:30.885559
مين بيسمعها ف 2025 زيى يصف جنبى اغنيه عشق,,,youtube_6B9utZOePLs,,false,2026-04-03T19:06:30.885559
مين هنا 2025 ❤,,,youtube_6B9utZOePLs,,false,2026-04-03T19:06:30.885559
"👍👍👍
15 april 2025",,,youtube_6B9utZOePLs,,false,2026-04-03T19:06:30.885559
مين بيسمعها 2025🎉🎉,,,youtube_6B9utZOePLs,,false,2026-04-03T19:06:30.885559
2025 شكون مزال يسمعها🇲🇦,,,youtube_6B9utZOePLs,,false,2026-04-03T19:06:30.885559
الاغنية دي اتعملت لفيلم لاحمد عيد و بشري انا مش معاهم من 20 سنة تقريبا,,,youtube_6B9utZOePLs,,false,2026-04-03T19:06:30.885559
منو يسمعها 2025,,,youtube_6B9utZOePLs,,false,2026-04-03T19:06:30.885559
"لو بس تبطل تصدق الوهم اللي اسمه المستقبل وتعرف اني هبقا معاك ف اي زمان ومكان هروح وراك 
لو بس تصدق حبي 
2025
For my love 
Tarek ❤",,,youtube_6B9utZOePLs,,false,2026-04-03T19:06:31.803822
4:03 اللي فات بقى ذكريات 💔,,,youtube_6B9utZOePLs,,false,2026-04-03T19:06:31.803822
"29/1/2025احب أجدد حبي كل يوم للاغنيه دي واتمناا يجي اليوم الي نسمعها سوا 
اتمني تحبني بالطريقه دي ونعيش حياه حلوه مع بعض لان بجد مستنياك بفارغ الصبر مستنيه اليوم الي تبقا فيه جنبي ❤",,,youtube_6B9utZOePLs,,false,2026-04-03T19:06:31.803822
أسمعها ب 2025❤,,,youtube_6B9utZOePLs,,false,2026-04-03T19:06:31.803822
مين بيسمعها 2025❤,,,youtube_6B9utZOePLs,,false,2026-04-03T19:06:31.803822
2025 و مزال الاغنية ديه مسلطناني. يا سلااااام على أداه و توزيع و الحان,,,youtube_6B9utZOePLs,,false,2026-04-03T19:06:31.803822
مين بيسمعها في  2025 ❤🎉,,,youtube_6B9utZOePLs,,false,2026-04-03T19:06:31.803822
"مين جاي اخر 2024 😔💔

2024/12/30",,,youtube_6B9utZOePLs,,false,2026-04-03T19:06:31.803822
تقصدي في 2024❤❤,,,youtube_6B9utZOePLs,,false,2026-04-03T19:06:31.803822
"1. Present Simple

Usage:

For habits, routines, and general truths.

For fixed schedules or timetables.


Keywords: always, usually, often, sometimes, never, every day, on Mondays.

Form:

Positive: Subject + base verb (+s/es for 3rd person singular).

Negative: Subject + do/does not + base verb.

Question: Do/Does + subject + base verb?



---

2. Present Continuous

Usage:

For actions happening now or around the moment of speaking.

For temporary situations.

For planned future arrangements.


Keywords: now, at the moment, currently, today, this week, this month.

Form:

Positive: Subject + am/is/are + verb-ing.

Negative: Subject + am/is/are not + verb-ing.

Question: Am/Is/Are + subject + verb-ing?



---

3. Present Perfect

Usage:

For past actions with relevance to the present.

To describe life experiences.

For actions that started in the past and continue to the present.


Keywords: just, already, never, ever, yet, since, for, recently.

Form:

Positive: Subject + have/has + past participle.

Negative: Subject + have/has not + past participle.

Question: Have/Has + subject + past participle?



---

4. Present Perfect Continuous

Usage:

To emphasize the duration of actions that started in the past and continue to the present.

For recently completed ongoing actions with visible results.


Keywords: for, since, how long, all day, all week, recently.

Form:

Positive: Subject + have/has been + verb-ing.

Negative: Subject + have/has not been + verb-ing.

Question: Have/Has + subject + been + verb-ing?



---

5. Past Simple

Usage:

For completed actions in the past.

To narrate past events or actions.


Keywords: yesterday, last week, last year, ago, in 2000.

Form:

Positive: Subject + past verb (Verb 2).

Negative: Subject + did not + base verb.

Question: Did + subject + base verb?



---

6. Past Continuous

Usage:

To describe ongoing actions at a specific time in the past.

For interrupted past actions.

To set the scene in a story.


Keywords: while, when, at that time, at 5 PM, all day.

Form:

Positive: Subject + was/were + verb-ing.

Negative: Subject + was/were not + verb-ing.

Question: Was/Were + subject + verb-ing?



---

7. Past Perfect

Usage:

To show actions completed before another action in the past.

To describe the sequence of two past events.


Keywords: before, after, by the time, already.

Form:

Positive: Subject + had + past participle.

Negative: Subject + had not + past participle.

Question: Had + subject + past participle?



---

8. Past Perfect Continuous

Usage:

To describe the duration of actions before another past event.

For actions that were ongoing before something else happened.


Keywords: for, since, before, by the time, all day.

Form:

Positive: Subject + had been + verb-ing.

Negative: Subject + had not been + verb-ing.

Question: Had + subject + been + verb-ing?



---

9. Future Simple

Usage:

For decisions made at the moment of speaking.

To express predictions, promises, or future facts.


Keywords: tomorrow, next week, next year, soon, in the future.

Form:

Positive: Subject + will + base verb.

Negative: Subject + will not + base verb.

Question: Will + subject + base verb?



---

10. Future Continuous

Usage:

To describe ongoing actions at a specific time in the future.

To predict actions in progress in the future.


Keywords: at this time tomorrow, next week, at 5 PM, soon.

Form:

Positive: Subject + will be + verb-ing.

Negative: Subject + will not be + verb-ing.

Question: Will + subject + be + verb-ing?



---

11. Future Perfect

Usage:

To describe actions that will be completed before a certain time in the future.


Keywords: by tomorrow, by next week, by the time, before.

Form:

Positive: Subject + will have + past participle.

Negative: Subject + will not have + past participle.

Question: Will + subject + have + past participle?



---

12. Future Perfect Continuous

Usage:

To emphasize the duration of ongoing actions up to a certain point in the future.


Keywords: for, since, by the time, by next month, for five years.

Form:

Positive: Subject + will have been + verb-ing.

Negative: Subject + will not have been + verb-ing.

Question: Will + subject + have been + verb-ing?",,,youtube_6B9utZOePLs,,false,2026-04-03T19:06:31.803822
"انا كنت قبلك مييين
أحلى أنا اسمعتها في الأغاني 2:43",,,youtube_6B9utZOePLs,,false,2026-04-03T19:06:31.803822
وين اللي بيسمعها ف 2025,,,youtube_6B9utZOePLs,,false,2026-04-03T19:06:31.803822
1/12 M ♥️👀,,,youtube_6B9utZOePLs,,false,2026-04-03T19:06:32.603904
انا لسه بسمعها في 2024😂❤❤❤❤,,,youtube_6B9utZOePLs,,false,2026-04-03T19:06:32.603904
مين بيسمعها في 2025,,,youtube_6B9utZOePLs,,false,2026-04-03T19:06:32.603904
"حتدخلين و تشوفين تعليقي مو اليوم باجر ابو عذ سنه او سنتين او 3 
اجمل عوض من ربي ❤",,,youtube_6B9utZOePLs,,false,2026-04-03T19:06:32.603904
بسمعها وانا سنغل في اواخر سنة 2024 يمكن يجي شخص في 2025 وبيهديهالي 😊❤,,,youtube_6B9utZOePLs,,false,2026-04-03T19:06:32.603904
مين بيسمعها2024😂😂😂❤,,,youtube_6B9utZOePLs,,false,2026-04-03T19:06:32.603904
مين لسه بيسمعهاف 2024,,,youtube_6B9utZOePLs,,false,2026-04-03T19:06:33.377341
بسمعها 2024❤,,,youtube_6B9utZOePLs,,false,2026-04-03T19:06:33.377341
مين لسه بيسمعها ف2024,,,youtube_6B9utZOePLs,,false,2026-04-03T19:06:33.377341
مين بيسمعها 2024,,,youtube_6B9utZOePLs,,false,2026-04-03T19:06:33.377341
مين لسه بيسمعاه في 2024😂,,,youtube_6B9utZOePLs,,false,2026-04-03T19:06:33.377341
نور 9/12/2024😘😇,,,youtube_6B9utZOePLs,,false,2026-04-03T19:06:33.377341
مين لسه بيسمعه في 2024,,,youtube_6B9utZOePLs,,false,2026-04-03T19:06:33.377341
مين لسه بسمعها 2024,,,youtube_6B9utZOePLs,,false,2026-04-03T19:06:34.080766
مين لسه بيسمعها ف 2024❤️‍🩹🙂,,,youtube_6B9utZOePLs,,false,2026-04-03T19:06:34.080766
مين لسه بيسمعها في 2025,,,youtube_6B9utZOePLs,,false,2026-04-03T19:06:34.080766
لازم يكون عدد المشتركين بالقناة 7ملايين ع الأقل مو 700ألف .....ڜيءمزعج لماتلاقوا قنوات أتفه م التفاعة تتجاوز الملايين وقناة بهاء سلطان الرائعة ب 700ألف 😢😢😢😢🤔,,,youtube_6B9utZOePLs,,false,2026-04-03T19:06:34.080766
2024 \8\25 الاغنيه تجنن,,,youtube_6B9utZOePLs,,false,2026-04-03T19:06:34.080766
مين لسه بيسمعها ف 2024..❤️🥹,,,youtube_6B9utZOePLs,,false,2026-04-03T19:06:34.080766
مين هنا 2024😂,,,youtube_6B9utZOePLs,,false,2026-04-03T19:06:34.080766
2024 لسة بسمعها بنفس شعور اول مرة🤍,,,youtube_6B9utZOePLs,,false,2026-04-03T19:06:34.080766
3/اب/2024 تباً للعمر,,,youtube_6B9utZOePLs,,false,2026-04-03T19:06:34.805600
في 2024 😂❤️,,,youtube_6B9utZOePLs,,false,2026-04-03T19:06:34.805600
مين لسه بيسمعها ف 2024 في شهر 8❤,,,youtube_6B9utZOePLs,,false,2026-04-03T19:06:34.805600
مين بيسمعها في 2024,,,youtube_6B9utZOePLs,,false,2026-04-03T19:06:34.805600
مين هنا 2024😊,,,youtube_6B9utZOePLs,,false,2026-04-03T19:06:34.805600
مين لسه بيسمعها 2024❤😂,,,youtube_6B9utZOePLs,,false,2026-04-03T19:06:34.805600
مين 2024,,,youtube_6B9utZOePLs,,false,2026-04-03T19:06:34.805600
مين لسه بيسمعها  فى 2024😂,,,youtube_6B9utZOePLs,,false,2026-04-03T19:06:35.473536
حد هنا من 2024 ❤❤❤,,,youtube_6B9utZOePLs,,false,2026-04-03T19:06:35.473536
مين لسه بيسمعها ف 2024,,,youtube_6B9utZOePLs,,false,2026-04-03T19:06:36.292498
"2024 

A7a",,,youtube_6B9utZOePLs,,false,2026-04-03T19:06:37.026583
2024وربنا بعشقه,,,youtube_6B9utZOePLs,,false,2026-04-03T19:06:37.026583
"مناري، منارُ قَلبي
حبيبتي وروحي .. الغالية 
أترك الدنيا علمودچ.. أبيع الكُل في سبيل تكونين وياي .. روح الروح !
هواي كلام بداخلي أريد اگوله بس راح اخفيه .. لأن حضمچ بگلبي أنتِ والحُب علمود لحد يبوگكم مني💙
ما شاء الله 
5:02
Mon,13Mar",,,youtube_6B9utZOePLs,,false,2026-04-03T19:06:37.026583
مين جتي 2024,,,youtube_6B9utZOePLs,,false,2026-04-03T19:06:37.026583
مين لسه بيسمعها 2024,,,youtube_6B9utZOePLs,,false,2026-04-03T19:06:37.026583
مين بسمعها في 2024 ❤❤,,,youtube_6B9utZOePLs,,false,2026-04-03T19:06:37.764839
مين لسه بيسمعها ف 2024❤❤😂,,,youtube_6B9utZOePLs,,false,2026-04-03T19:06:37.764839
مين بيسمعها فى 2024,,,youtube_6B9utZOePLs,,false,2026-04-03T19:06:38.432117
❤❤❤❤😂❤❤❤❤❤❤❤❤❤❤ttt8t98jwr,,,youtube_6B9utZOePLs,,false,2026-04-03T19:06:39.077286
8ه,,,youtube_6B9utZOePLs,,false,2026-04-03T19:06:39.077286
مين بيسمعها ف 2024😂💖💖✨,,,youtube_6B9utZOePLs,,false,2026-04-03T19:06:39.077286
مين بيسمعها في 2024😂,,,youtube_6B9utZOePLs,,false,2026-04-03T19:06:39.709899
مين بيسمعها في 2024😂❤,,,youtube_6B9utZOePLs,,false,2026-04-03T19:06:40.359110
ساهو بسمعها بسببك في 2024,,,youtube_6B9utZOePLs,,false,2026-04-03T19:06:45.456170
"تعبت من المفجأة 💔🥺
الي يسمعها 1.4.2026",,,youtube_iyIzLGzFi-k,,false,2026-04-03T19:06:47.224453
2026صباححكم فل🇸🇦🇪🇬,,,youtube_iyIzLGzFi-k,,false,2026-04-03T19:06:47.224453
انا مش انا 2026,,,youtube_iyIzLGzFi-k,,false,2026-04-03T19:06:47.224453
أنا علفكره بسمعها عادي وعند 13 س عادي,,,youtube_iyIzLGzFi-k,,false,2026-04-03T19:06:47.224453
مين معايا 2026 سمعتها كثير لكن اول مرة احسها,,,youtube_iyIzLGzFi-k,,false,2026-04-03T19:06:47.224453
الله أجمل فلم الفرح 2026/3/24,,,youtube_iyIzLGzFi-k,,false,2026-04-03T19:06:47.224453
احنا في 2026معقول في حد بيسمعها 😢,,,youtube_iyIzLGzFi-k,,false,2026-04-03T19:06:47.224453
انا 2026 ونسمع فيها شهر 3,,,youtube_iyIzLGzFi-k,,false,2026-04-03T19:06:47.224453
طب احنا في 2026 حد لسه بيسمعها ؟❤,,,youtube_iyIzLGzFi-k,,false,2026-04-03T19:06:47.224453
ياعم عبد الباسط احنا في 2026 ولسة بنسمع الاغنية,,,youtube_iyIzLGzFi-k,,false,2026-04-03T19:06:47.224453
مين يسمعها في 2026يجي جنبي,,,youtube_iyIzLGzFi-k,,false,2026-04-03T19:06:47.224453
❤تحياتي من تونس 🇹🇳 2026 مارس 🇹🇳,,,youtube_iyIzLGzFi-k,,false,2026-04-03T19:06:47.224453
2026 وبعدها من احلى الاغاني,,,youtube_iyIzLGzFi-k,,false,2026-04-03T19:06:47.224453
من السعودية 🇸🇦 2026🔥.,,,youtube_iyIzLGzFi-k,,false,2026-04-03T19:06:47.224453
مين 2026,,,youtube_iyIzLGzFi-k,,false,2026-04-03T19:06:47.224453
احنا ب 2026 ولسا بنسمعها,,,youtube_iyIzLGzFi-k,,false,2026-04-03T19:06:47.224453
الله وكيلكم بسمعها ف الـ2026 وكأني اول مره اسمعها💔,,,youtube_iyIzLGzFi-k,,false,2026-04-03T19:06:47.224453
مين جاى من 2026,,,youtube_iyIzLGzFi-k,,false,2026-04-03T19:06:47.224453
أنا بسمعه الفين 2026😂,,,youtube_iyIzLGzFi-k,,false,2026-04-03T19:06:47.224453
مين بيسمعها في 2026,,,youtube_iyIzLGzFi-k,,false,2026-04-03T19:06:47.224453
"23/2/2026
تحياتي من الأردن ❤",,,youtube_iyIzLGzFi-k,,false,2026-04-03T19:06:47.224453
تحية لمصر من تونس 2026❤❤❤❤❤,,,youtube_iyIzLGzFi-k,,false,2026-04-03T19:06:47.224453
أنا في2026 وبسمعها للان 😊,,,youtube_iyIzLGzFi-k,,false,2026-04-03T19:06:47.224453
تسجيل دخول 2026 ❤,,,youtube_iyIzLGzFi-k,,false,2026-04-03T19:06:47.224453
17/2/2026والله قد ما مهمة هالاهنية  ليوم لفهمتها انها بنفسي,,,youtube_iyIzLGzFi-k,,false,2026-04-03T19:06:47.224453
حد بيسمع 2035،❤❤؟,,,youtube_iyIzLGzFi-k,,false,2026-04-03T19:06:47.224453
اللي بيسمعها فى 2026ولسه متجوزش ييجي جنبي يقلي اي اللي مزعلو❤😅,,,youtube_iyIzLGzFi-k,,false,2026-04-03T19:06:48.001880
الي يسمعها في 2026 يجي جنبي,,,youtube_iyIzLGzFi-k,,false,2026-04-03T19:06:48.001880
أنا سمعتها 2026,,,youtube_iyIzLGzFi-k,,false,2026-04-03T19:06:48.001880
2026والاغنيه ماعايزه تطلع من راسي ❤️❤️من السودان تحيا مصر أم الفن والدنيا🌹🌹🌹🌹🌹,,,youtube_iyIzLGzFi-k,,false,2026-04-03T19:06:48.002877
مين بيسمعها في 2026,,,youtube_iyIzLGzFi-k,,false,2026-04-03T19:06:48.002877
من 2000 ل 2010 ذروة ابداع السينما المصرية,,,youtube_iyIzLGzFi-k,,false,2026-04-03T19:06:48.002877
اسمعها ب2026😊,,,youtube_iyIzLGzFi-k,,false,2026-04-03T19:06:48.002877
2026تونس,,,youtube_iyIzLGzFi-k,,false,2026-04-03T19:06:48.002877
حد جي من 2028,,,youtube_iyIzLGzFi-k,,false,2026-04-03T19:06:48.002877
صديق الطفولة ❤❤ ‏‪0:37‬‏,,,youtube_iyIzLGzFi-k,,false,2026-04-03T19:06:48.002877
الي بيسمعها 2027 يسلملي علا نفسي😂,,,youtube_iyIzLGzFi-k,,false,2026-04-03T19:06:48.002877
الي سامعه 2026 يصف جنبي,,,youtube_iyIzLGzFi-k,,false,2026-04-03T19:06:48.002877
"2026 
من سورياا❤",,,youtube_iyIzLGzFi-k,,false,2026-04-03T19:06:48.002877
إلي بيسمعها في 2026 بييجي جنبي,,,youtube_iyIzLGzFi-k,,false,2026-04-03T19:06:48.002877
"بعد ماكبرنا عرفنا قيمتها الأغنية 
تحية طيبة من تونس 2026🎉",,,youtube_iyIzLGzFi-k,,false,2026-04-03T19:06:48.002877
اللى بيسمعها 2027 يجى جنبى,,,youtube_iyIzLGzFi-k,,false,2026-04-03T19:06:48.002877
انا تهت مني 2026 😥😥😥,,,youtube_iyIzLGzFi-k,,false,2026-04-03T19:06:48.861612
حد بيسمعهاا غيري 2026 💔☝🏽,,,youtube_iyIzLGzFi-k,,false,2026-04-03T19:06:48.861612
حد بيسمعهاا 2026 ❤❤,,,youtube_iyIzLGzFi-k,,false,2026-04-03T19:06:48.861612
دخلنا 2026 وللحين اسمعها🥺❤️‍🔥,,,youtube_iyIzLGzFi-k,,false,2026-04-03T19:06:48.861612
من بغداد 2026 منو يسمع 😢,,,youtube_iyIzLGzFi-k,,false,2026-04-03T19:06:48.861612
That's the end result of 20s century destruction of cartesianism,,,youtube_iyIzLGzFi-k,,false,2026-04-03T19:06:48.861612
بقينا فى 2026 ولسه الأغنية دى مكسره الدنيا,,,youtube_iyIzLGzFi-k,,false,2026-04-03T19:06:48.861612
مين سمعها 2026😢,,,youtube_iyIzLGzFi-k,,false,2026-04-03T19:06:48.861612
جيت من المستقبل 2030 😊,,,youtube_iyIzLGzFi-k,,false,2026-04-03T19:06:48.861612
انا سمعتها 2026,,,youtube_iyIzLGzFi-k,,false,2026-04-03T19:06:48.861612
ان ان 4/1/2026💔💔,,,youtube_iyIzLGzFi-k,,false,2026-04-03T19:06:48.861612
اللي سمعها 3/1/2026 😢😢😢,,,youtube_iyIzLGzFi-k,,false,2026-04-03T19:06:48.861612
"2026/1/2
07:10 
احلى اابو سعيد 🔥🔥💤",,,youtube_iyIzLGzFi-k,,false,2026-04-03T19:06:48.861612
أنا بسمعها 2/1/2026,,,youtube_iyIzLGzFi-k,,false,2026-04-03T19:06:48.861612
الأجواء توب 1/1/2026,,,youtube_iyIzLGzFi-k,,false,2026-04-03T19:06:48.861612
اللي سمعها 2026يصف جنبي,,,youtube_iyIzLGzFi-k,,false,2026-04-03T19:06:48.861612
مين سمعها 2026❤,,,youtube_iyIzLGzFi-k,,false,2026-04-03T19:06:49.648968
مين سمعها 2026❤,,,youtube_iyIzLGzFi-k,,false,2026-04-03T19:06:49.648968
"2026, أنا أعيش في 2019...  مابعرف كيف جرت السنين..!",,,youtube_iyIzLGzFi-k,,false,2026-04-03T19:06:49.648968
بسمعها في اخر 2025,,,youtube_iyIzLGzFi-k,,false,2026-04-03T19:06:49.648968
في سن أربعين سنين غربة و كفاح من أجل العائلة ومن أجل أحباب ظننا أنهم أحباب 4:28,,,youtube_iyIzLGzFi-k,,false,2026-04-03T19:06:49.648968
منو سمعهه ب 2026يجي يمي يكعد,,,youtube_iyIzLGzFi-k,,false,2026-04-03T19:06:49.648968
من 3:56 حتى 4:26 قصة تانية 💔,,,youtube_iyIzLGzFi-k,,false,2026-04-03T19:06:49.648968
سنه 2026 ❤❤,,,youtube_iyIzLGzFi-k,,false,2026-04-03T19:06:49.648968
الساعة 9 😂❤,,,youtube_iyIzLGzFi-k,,false,2026-04-03T19:06:50.429325
جاي من ذا ڤويس من اجمل الاغاني الحقيقية التي لامست قلبي احساس عالي وكل كلمة تنطبق عليه ان شاء الله اكون بأحسن🙏حال بتاريخ 13.12.2025🫆,,,youtube_iyIzLGzFi-k,,false,2026-04-03T19:06:50.429325
"جاية من ذافويس وتأثرت بيها جدا اغنية فوق الوصف وبتوصف حالتي الآن 😔😞😢
10/12/2025",,,youtube_iyIzLGzFi-k,,false,2026-04-03T19:06:50.429325
من العراق ابداع واعيد سمعها بعد ذا فويس 2025,,,youtube_iyIzLGzFi-k,,false,2026-04-03T19:06:50.429325
جيجي في 2025,,,youtube_iyIzLGzFi-k,,false,2026-04-03T19:06:50.429325
في حدا يسمعها 2026,,,youtube_iyIzLGzFi-k,,false,2026-04-03T19:06:51.251194
انا هنا في 2027😢,,,youtube_iyIzLGzFi-k,,false,2026-04-03T19:06:51.251194
2026صفن جبي الشغله مطوله🤣🤣🤣,,,youtube_iyIzLGzFi-k,,false,2026-04-03T19:06:51.251194
في حد هون 2026,,,youtube_iyIzLGzFi-k,,false,2026-04-03T19:06:51.251194
الي يسمعها في 2026 ويحس كلمات الاغنيه عليه يعمل لايك,,,youtube_iyIzLGzFi-k,,false,2026-04-03T19:06:51.942803
أنا أنا أنا أنا في 2026😂,,,youtube_iyIzLGzFi-k,,false,2026-04-03T19:06:51.942803
والختامة تأتي من عندي من 21لل25،، 11.. . 16,,,youtube_iyIzLGzFi-k,,false,2026-04-03T19:06:51.942803
لمبي 🇩🇿 2025,,,youtube_iyIzLGzFi-k,,false,2026-04-03T19:06:51.942803
"افكرفي انا عارفنى ياعبدالباسط ولي دخل معاك نسبه نجاح 
ترند 2026/2027❤❤",,,youtube_iyIzLGzFi-k,,false,2026-04-03T19:06:51.942803
"الي بيسمعها في 2026 يجي جنبي 
الله يهون علينا ويهدينا 🥹🥲",,,youtube_iyIzLGzFi-k,,false,2026-04-03T19:06:51.942803
انا 2026😢😢😢😢😢🎉,,,youtube_iyIzLGzFi-k,,false,2026-04-03T19:06:54.159337
اييييه 2025 ولسه بتعطيك نفس الشعور,,,youtube_iyIzLGzFi-k,,false,2026-04-03T19:06:54.159337
انا هنا من 2018,,,youtube_iyIzLGzFi-k,,false,2026-04-03T19:06:55.588922
الي سمعها 2029 يجي جنبي 😂😂,,,youtube_iyIzLGzFi-k,,false,2026-04-03T19:06:55.588922
‏يا عم الحاج احنا في 2025 26 لسا هو فين بصراحة فلام الروعه في كمية حزن وبكاء❤,,,youtube_iyIzLGzFi-k,,false,2026-04-03T19:06:55.588922
Ana 2025 18/09 3id miladi,,,youtube_iyIzLGzFi-k,,false,2026-04-03T19:06:56.320066
الي سمعها 2026 يجي جنبي😂❤,,,youtube_iyIzLGzFi-k,,false,2026-04-03T19:06:56.320066
رجعوني بله با2033لا هنتو,,,youtube_iyIzLGzFi-k,,false,2026-04-03T19:06:57.703857
2025 في احد 😢,,,youtube_iyIzLGzFi-k,,false,2026-04-03T19:06:57.703857
دي اكتر حاجه بتتسمع في 2025,,,youtube_iyIzLGzFi-k,,false,2026-04-03T19:06:58.488527
لقيت نفسي كبرت فجاءه 24,,,youtube_iyIzLGzFi-k,,false,2026-04-03T19:06:58.488527
12/2/2025جورجيا تبليسي تحديداً مع حبيبي عبدالرحمن السكران,,,youtube_iyIzLGzFi-k,,false,2026-04-03T19:06:59.868604
اليوم 11 أغسطس 2025 اللي يقرأ تعليقي يرجعني 😭,,,youtube_iyIzLGzFi-k,,false,2026-04-03T19:06:59.868604
من العراق الي جاي يسمعهة ب2025يرد,,,youtube_iyIzLGzFi-k,,false,2026-04-03T19:07:01.237292
3:26 تحفة فنية,,,youtube_iyIzLGzFi-k,,false,2026-04-03T19:07:01.899029
الاغنيه جابت 20 مليون اما نشوف حبيب النبي هيجيب كام,,,youtube_iyIzLGzFi-k,,false,2026-04-03T19:07:01.899029
جويلية 25,,,youtube_iyIzLGzFi-k,,false,2026-04-03T19:07:03.211833
22جويلية  …….2025 🎉,,,youtube_iyIzLGzFi-k,,false,2026-04-03T19:07:03.848628
انا في 2030 جاي من بورن مين زيي,,,youtube_iyIzLGzFi-k,,false,2026-04-03T19:07:06.381968
Your explanation is underrated I did not expect it to be this good.,,,youtube_kLts8-ixQuI,,false,2026-04-03T19:07:08.614750
معليش يا القيصر تنزيل مش الفديو بعد غياب كثير 12m أنا عايز الفيديو يا القيصر,,,youtube_kLts8-ixQuI,,false,2026-04-03T19:07:09.474345
الحق يا قيصر لقيت واحد مقد قناتك بالظبت و شاري علامت صح و عليها3 مليون مشترك,,,youtube_kLts8-ixQuI,,false,2026-04-03T19:07:10.336059
Allahoma j3al kola modlimin fi ljana yarab amin😢😢😢😢😢❤❤,,,youtube_XvMD0jNxeCc,,false,2026-04-03T19:07:11.625228
مين إلى عم يشاهده فى 2025,,,youtube_XvMD0jNxeCc,,false,2026-04-03T19:07:11.625228
Alahoma sali wasalim wabarik 3ala saidina wa mawlana mohamade wa3ala Alihe wasahbihe ajma3ine salatane katiratane wataslimane katirane amine yarabe al3alamine,,,youtube_XvMD0jNxeCc,,false,2026-04-03T19:07:11.625228
https://youtube.com/shorts/ryUMKQ2Toqs?si=mNn-QG04Si-oU2Mq,,,youtube_XvMD0jNxeCc,,false,2026-04-03T19:07:12.513853
https://music.youtube.com/watch?v=XvMD0jNxeCc&lc=UgxK5Mqy849_FFY0IqF4AaABAg&si=fbdDmqWkCDnYbMci,,,youtube_XvMD0jNxeCc,,false,2026-04-03T19:07:13.496383
"(اِيْه العَمَل)
 اِيْه العَمَل يَا أَحْمَد يَوْم Sticker المشْهَد كُلُّ الأُمَم تشْهَد اِنَّكَ رَسُوْلَ
 الله Eih el a'mal ya ahmad yaum thal'ah masyhad kullul umam tashad Ennak Rasulollah (Apa yang harus kita lakukan hai Muhammad Pada saat datang Hari Persaksian Semua umat Bersaksi Engkau adalah Utusan Allah) 
مُحَمَّدُ زَّيّن وَاللّٰه زَيّْن لَهُ انشَق القَمَر نِصْفَيْن وَعُرْج لَيْلَةُ الاِثْنَيْن 
اِلَى الْحَضْرَة وَبَيْتَ اللّٰه Muhammad zen wallahu zen Lahunsyaq qomar nishfain wa'urj lailatul itsnain Ilalhadroti wa baitallah Muhammad Indah Allah indah Karenanya bulan Terbelah Menjadi dua Dia naik ke langit pada malam senin Ke haribaan dan rumah Allah
 مُحَمَّدُ اِبْنِ عَبْدِاللّٰه هُو مُحَمِّل كَلَام اللّٰه تَمَسَّكْ بِالْعُرْوَةِ الوُثْقٰى َاُجَاهِدْ فِي سَبِيْلِ الله 
Muhammad ibni Abdillah Huw muhammil kalamallah Tamasyak min urwatil wutsqa Ujaahif fii sabilillah Muhammad putra Abdullah Dia pembawa Kalam Allah Berpeganglah pada tali yang kuat Berjihadlah di jalan Allah 
اِيْه العَمَل يَا أَحْمَد يَوْم طَلْعَه المشْهَد كُلُّ الأُمَم تشْهَد اِنَّكَ رَسُوْلَ الله
 Ih el a'mal ya ahmad yaum thal'ah masyhad kullul umam tashad Ennak Rasulollah Apa yang harus kita lakukan hai Muhammad Pada saat datang Hari Persaksian Semua umat Bersaksi Engkau adalah Utusan Allah  
سَيْدِي مُحَمَّد قُلْ يَا رَبِّى سُؤَالِى اُمَّتِي بَعْدِي اُسَامِحْ 
كُلَّ الذَّنْبِ اُغَفَرْ الذُّنُوْبَ اللّٰه 
Syaidi Muhammad qul yaa Rabbi Su-ali ummati ba'di Usamih kulladz dzambi Ughafar dzunuballah Wahai tuanku, katakanlah ""wahai Tuhanku"" Bagaimana umatku setelah aku wafat Ampunilah segala dosa Allah Dzat yang mengampuni dosa-dosa",,,youtube_XvMD0jNxeCc,,false,2026-04-03T19:07:14.459174
https://youtu.be/XvMD0jNxeCc?si=YWcWkUTRyxT5bFF3🎉🎉❤❤,,,youtube_XvMD0jNxeCc,,false,2026-04-03T19:07:14.459174
ما شاء الله الله على اللي انت ما تعمله رسول الله ان قرانا رسول الله محمد يا نبيل وايه العمل يا احمد يوم طلعت المشهد ان شاء الله اصل احنا عروسه انا كل ما كل ما بعمل الاغنيه دي القران ده اللي عمل لاحمد راتب اعيط اعمل ايه ده لما لما بسمعها بعيط في 209 واو روعه من لا بمبورنقةنبمليتينةنبيهازبششهلت,,,youtube_XvMD0jNxeCc,,false,2026-04-03T19:07:14.459174
Allahoma sali wasalim 3alayka yarasolo llah,,,youtube_XvMD0jNxeCc,,false,2026-04-03T19:07:16.305969
"“Los hijo del Padre Abraham Pecaron y los hijos de Israel Pecaron”
“Fueron rebeldes. Dios Maldijo a Israel Malaquías 3:9. Israel es descendencia de Isaac y Árabes son de la descendencia de Ismael los hijos de del Padre Abraham, Judíos y Árabes son por parte su Padre Abraham Hermanos.
La Biblia dice que el que aborrece a su hermano peca, Israel no ama a sus Hermanos Árabes hijos de Ismael hijo Mayor de Abran. Dios envió a su hijo el Mesías a salvar a sus Ovejas perdidas de Israel ¿Por qué perdidas? porque se apartaron de Dios pecaron y Dios quería perdonar pero no quisieron no recibieron el Salvador, dice la Biblia que a los suyos vino no le recibieron, Jerusalén que matas a Profetas cuantas veces quise perdonarles y no quisisteis, al contrario me persiguieron me torturaron y lo mataron colgándolo en un Madero de tormento conforme dice la Ley de Israel, motivo por ver dicho la Verdad.
“Dice la Biblia como está escrito Salmo 14:1-3, y Romanos 3:10-19 dice como está escrito no hay Justo, ni aun uno; no hay quien entienda” Por esa causa el mundo está patas arriba, el diablo Distorsionando el pensamiento para que no se haga Justicia, al contrario causando angustia y cambiando el amor por el odio destruidor”. Eloy Contreras fue predestinado para estos postreros tiempos para Escudriñar las Escrituras de Dios, para decir la Verdad Absoluta. Lucas 12:2. “De Israel viene el bien y el Mal, el que mora en el Corazones de los Hombres infieles a Dios”.",,,youtube_XvMD0jNxeCc,,false,2026-04-03T19:07:16.305969
0:08 وانا اشهد ان لا اله الا الله و محمد رسول الله ❤❤❤❤❤,,,youtube_XvMD0jNxeCc,,false,2026-04-03T19:07:16.305969
عمري9سنوات,,,youtube_XvMD0jNxeCc,,false,2026-04-03T19:07:18.331039
"https://youtu.be/jGVFiCf9bm4?si=aat0aNt35dNhukpo
‏عليه",,,youtube_XvMD0jNxeCc,,false,2026-04-03T19:07:18.331039
Watch for 8th times.,,,youtube_XvMD0jNxeCc,,false,2026-04-03T19:07:18.331039
❤❤❤❤❤❤❤❤🎉🎉🎉🎉77🎉7🎉🎉🎉🎉🎉🎉😂76🎉🎉🎉yfrhg🎉🎉🎉🎉🎉🎉🎉🎉🎉😊😊😊😊😊😊😊 ‏‪1:16‬‏,,,youtube_XvMD0jNxeCc,,false,2026-04-03T19:07:20.230124
https://youtube.com/@quran.majeed.3?si=PmCAgRvX7R8Pp7UV,,,youtube_XvMD0jNxeCc,,false,2026-04-03T19:07:21.252308
"السلام عليكم، آتيتك من تيكتوك

Il y a 17 sRépondre

0",,,youtube_XvMD0jNxeCc,,false,2026-04-03T19:07:23.868399
{ لَا تَجْعَلُوا دُعَاءَ الرَّسُولِ بَيْنَكُمْ كَدُعَاءِ بَعْضِكُمْ بَعْضًا ۚ قَدْ يَعْلَمُ اللَّهُ الَّذِينَ يَتَسَلَّلُونَ مِنْكُمْ لِوَاذًا ۚ فَلْيَحْذَرِ الَّذِينَ يُخَالِفُونَ عَنْ أَمْرِهِ أَنْ تُصِيبَهُمْ فِتْنَةٌ أَوْ يُصِيبَهُمْ عَذَابٌ أَلِيمٌ }63 سورة النور,,,youtube_XvMD0jNxeCc,,false,2026-04-03T19:07:23.869400
https://youtube.com/shorts/3BUKVBuFPQo?feature=share,,,youtube_XvMD0jNxeCc,,false,2026-04-03T19:07:23.869400
"احمد مين ي ماما🙂🙂🙂🙂
ركزو معايا شويه في الانشوده دي هي بتقول"" ايه العمل ي احمد ""
وهذا لا يجوز شرعنا.. احمد مين  اللي بتنادي عليه مجرد كدا ي حجه 
اذا كان في القراءن ربنا كرم نبينا ولم يذكر بأسمه... وقال ( لا تَجْعَلُوا دُعَاء الرَّسُولِ بَيْنَكُمْ كَدُعَاء بَعْضِكُم بَعْضًا [ سورة النور: 63].)
كل الايات كانت إجلالًا وتعظيمًا له كما قال تعالى: (‌يَا ‌أَيُّهَا ‌النَّبِيُّ لِمَ تُحَرِّمُ مَا أَحَلَّ اللَّهُ لَكَ) و (يَا أَيُّهَا الرَّسُولُ بَلِّغْ)"" الخ...",,,youtube_XvMD0jNxeCc,,false,2026-04-03T19:07:24.797562
❤❤❤❤❤❤❤ alahoma sali 3ala saiyidina wa mawlana Mohammad 💯 wa 3ala alihi wa ashabihi ajma3in ya raba l3alamin 🎉🎉🎉🎉🎉🎉🎉,,,youtube_XvMD0jNxeCc,,false,2026-04-03T19:07:24.797562
https://youtu.be/zFxydUj7TxQ لايجوز الاناشيد الي بالطريقة دى اتقوا الله,,,youtube_XvMD0jNxeCc,,false,2026-04-03T19:07:25.712816
"https://youtu.be/05oQvXszd5I
😢😢😢😢😢😢😢",,,youtube_XvMD0jNxeCc,,false,2026-04-03T19:07:25.712816
https://youtu.be/05oQvXszd5I,,,youtube_XvMD0jNxeCc,,false,2026-04-03T19:07:25.712816
"Aol the way to the way to the way to the way to the way to the way to the end of a very large number of other analysts at the way to the way to the way to the way to ايه العمل يا احمد يوم طلعت المشهد قول للامم تشهد انك رسول
الله",,,youtube_XvMD0jNxeCc,,false,2026-04-03T19:07:26.572681
"أغنية المسك فاح الأصلية

https://youtu.be/VoQtSm9vFSI",,,youtube_XvMD0jNxeCc,,false,2026-04-03T19:07:28.015831
Subhanalloh from indonesia,,,youtube_XvMD0jNxeCc,,false,2026-04-03T19:07:28.015831
Subhanalloh,,,youtube_XvMD0jNxeCc,,false,2026-04-03T19:07:28.015831
اتق الله و احذف المقطع .. المقطع فيه مخالفات شرعية .. و التفاصيل هنا https://www.youtube.com/watch?v=05oQvXszd5I,,,youtube_XvMD0jNxeCc,,false,2026-04-03T19:07:30.010941
"لَّا تَجْعَلُوا دُعَاءَ الرَّسُولِ بَيْنَكُمْ كَدُعَاءِ بَعْضِكُم بَعْضًا ۚ قَدْ يَعْلَمُ اللَّهُ الَّذِينَ يَتَسَلَّلُونَ مِنكُمْ لِوَاذًا ۚ فَلْيَحْذَرِ الَّذِينَ يُخَالِفُونَ عَنْ أَمْرِهِ أَن تُصِيبَهُمْ فِتْنَةٌ أَوْ يُصِيبَهُمْ عَذَابٌ أَلِيمٌ (63)
قال الضحاك ، عن ابن عباس : كانوا يقولون : يا محمد ، يا أبا القاسم ، فنهاهم الله عز وجل ، عن ذلك ، إعظاما لنبيه ، صلوات الله وسلامه عليه قال : فقالوا : يا رسول الله ، يا نبي الله . وهكذا قال مجاهد ، وسعيد بن جبير",,,youtube_XvMD0jNxeCc,,false,2026-04-03T19:07:30.010941
https://youtu.be/05oQvXszd5I,,,youtube_XvMD0jNxeCc,,false,2026-04-03T19:07:30.010941
"https://youtu.be/05oQvXszd5I

ليتك تسمعي هذا أخيتي
أشعر فيك الأصل الطيب والنقاء فارجعي للفطرة السوية وأحب لك كما أحب لنفسي أن يستعملك الله في خدمة كتابه العظيم (وبين النساء والبنات فقط)",,,youtube_XvMD0jNxeCc,,false,2026-04-03T19:07:30.010941
"﴿لا تَجعَلوا دُعاءَ الرَّسولِ بَينَكُم كَدُعاءِ بَعضِكُم بَعضًا قَد يَعلَمُ اللَّهُ الَّذينَ يَتَسَلَّلونَ مِنكُم لِواذًا فَليَحذَرِ الَّذينَ يُخالِفونَ عَن أَمرِهِ أَن تُصيبَهُم فِتنَةٌ أَو يُصيبَهُم عَذابٌ أَليمٌ﴾ [النور: 63]
شَرِّفُوا - أيها المؤمنون - رسول الله، فإذا ناديتموه فلا تنادوه باسمه مثل: يا محمد، أو باسم أبيه مثل: يا ابن عبد الله، كما يفعل بعضكم مع بعض، ولكن قولوا: يا رسول الله، يا نبيّ الله، وإذا دعاكم لأمر عام فلا تجعلوا دعوته كدعوة بعضكم بعضًا في الأمور التافهة عادة، بل سارعوا إلى الاستجابة لها، فإن الله يعلم الذين ينصرفون منكم خفية دون إذن، فليحذر الذين يخالفون أمر رسول الله صلى الله عليه وسلم أن يصيبهم الله بمحنة وبلاء، أو يصيبهم بعذاب موجع لا صبر لهم عليه.
- المختصر",,,youtube_XvMD0jNxeCc,,false,2026-04-03T19:07:30.010941
"هذه الأغنية تسيئ للنبي الكريم ﷺ 
لأن : 
1 - هي تخالف القرآن الكريم بذكر سيد الخلق سيدنا محمد ﷺ حيث تقول: "" ايه العمل يا احمد "" 
من هو أحمد هل هو صديقه في الشارع؟؟
 القرآن الكريم لم يخاطب اسم النبي ﷺ المجرد وفي كل القرآن يقول يا أيها النبي يا أيها الرسول ، 
قال تعالى ( لاتجعلو دعاء الرسول بينكم كدعاء بعضكم بعضا ) 
سورة النور آية ٦٣.

2- ما تحتويه من الموسيقى والطرب والمعازف وخصوصاً وانها من المفترض أن تكون مديح للنبي !!!",,,youtube_XvMD0jNxeCc,,false,2026-04-03T19:07:30.865638
"نصيحة لكي اختي هاد لا يجوز 
قال الله تعالى 

لَّا تَجْعَلُوا دُعَاءَ الرَّسُولِ بَيْنَكُمْ كَدُعَاءِ بَعْضِكُم بَعْضًا ۚ قَدْ يَعْلَمُ اللَّهُ الَّذِينَ يَتَسَلَّلُونَ مِنكُمْ لِوَاذًا ۚ فَلْيَحْذَرِ الَّذِينَ يُخَالِفُونَ عَنْ أَمْرِهِ أَن تُصِيبَهُمْ فِتْنَةٌ أَوْ يُصِيبَهُمْ عَذَابٌ أَلِيمٌ (63)",,,youtube_XvMD0jNxeCc,,false,2026-04-03T19:07:31.796860
أنا بحبك جداا لان بحب هذهي الأغنية بحبه جداا❤❤❤❤ 3:24,,,youtube_XvMD0jNxeCc,,false,2026-04-03T19:07:31.796860
https://youtu.be/HRWHW5_C61I,,,youtube_XvMD0jNxeCc,,false,2026-04-03T19:07:31.796860
"هذه الأنشودة تخالف القرآن الكريم
 لَّا تَجْعَلُوا دُعَاءَ الرَّسُولِ بَيْنَكُمْ كَدُعَاءِ بَعْضِكُم بَعْضًا ۚ..) النور 63",,,youtube_XvMD0jNxeCc,,false,2026-04-03T19:07:31.796860
لَّا تَجْعَلُوا دُعَاءَ الرَّسُولِ بَيْنَكُمْ كَدُعَاءِ بَعْضِكُم بَعْضًا ۚ قَدْ يَعْلَمُ اللَّهُ الَّذِينَ يَتَسَلَّلُونَ مِنكُمْ لِوَاذًا ۚ فَلْيَحْذَرِ الَّذِينَ يُخَالِفُونَ عَنْ أَمْرِهِ أَن تُصِيبَهُمْ فِتْنَةٌ أَوْ يُصِيبَهُمْ عَذَابٌ أَلِيمٌ (63),,,youtube_XvMD0jNxeCc,,false,2026-04-03T19:07:31.796860
"(لَّا تَجْعَلُوا دُعَاءَ الرَّسُولِ بَيْنَكُمْ كَدُعَاءِ بَعْضِكُم بَعْضًا ۚ)  النور-64
لا يصح ولا يليق للمسلم مخاطبة النبي عليه الصلاة والسلام كما لو كنت تخاطب أصحابك بلفظة يا احمد، وإنما بالتعظيم والتوقير الذي يليق بنبيانا الكريم: يا رسول الله ، يا نبي الله....فأرجو الإنتباه رعاكم الله",,,youtube_XvMD0jNxeCc,,false,2026-04-03T19:07:32.702386
"يا جماعة النشيد فيه مصائب انتبهوا منها وهي كالتالي:
1-مناداة النبي صلى الله عليه وسلم باسمه المجرد بدون تعظيم أو توقير فيه سوء أدب مع النبي صلى الله عليه وسلم وقد حرمه الله سبحانه إذ قال ﴿لَّا تَجۡعَلُوا۟ دُعَاۤءَ ٱلرَّسُولِ بَیۡنَكُمۡ كَدُعَاۤءِ بَعۡضِكُم بَعۡضࣰاۚ قَدۡ یَعۡلَمُ ٱللَّهُ ٱلَّذِینَ یَتَسَلَّلُونَ مِنكُمۡ لِوَاذࣰاۚ فَلۡیَحۡذَرِ ٱلَّذِینَ یُخَالِفُونَ عَنۡ أَمۡرِهِۦۤ أَن تُصِیبَهُمۡ فِتۡنَةٌ أَوۡ یُصِیبَهُمۡ عَذَابٌ أَلِیمٌ﴾ [النور ٦٣]
2-والمصيبة الأكبر من دي انها بتقول ارحم محبينك !! وبتقول سدد لنا الدين!! الله أكبر ،من الذي يرحم ؟ ومن الذي يسدد الدين؟ هل الله أم النبي صلى الله عليه وسلم ؟! النبي صلى الله عليه وسلم يقول:(الدعاء هو العبادة)
وقد دل القرآن والسنة والإجماع على تحريم دعاء غير الله، والتصريح بأن ذلك من الشرك الذي لا يغفره الله، قال تعالى: وَمَنْ أَضَلُّ مِمَّن يَدْعُو مِن دُونِ اللَّهِ مَن لَّا يَسْتَجِيبُ لَهُ إِلَى يَومِ الْقِيَامَةِ وَهُمْ عَن دُعَائِهِمْ غَافِلُونَ {الأحقاف:5}، وقال تعالى: وَلاَ تَدْعُ مِن دُونِ اللّهِ مَا لاَ يَنفَعُكَ وَلاَ يَضُرُّكَ فَإِن فَعَلْتَ فَإِنَّكَ إِذًا مِّنَ الظَّالِمِينَ {يونس:106}.
ومن هذا تعلم أن دعاء النبي صلى الله عليه وسلم من دون الله كفر والعياذ بالله 
والله أعلم 
3-ما احتوته الانشودة من المخالفات مثل المعازف وقد قال رسول الله صلى الله عليه وسلم : "" ليكونن من أمتي أقوام يستحلون الحر والحرير والخمر والمعازف .. "" الحديث ، ( رواه البخاري تعليقا برقم 5590 ، ووصله الطبراني والبيهقي ، وراجع السلسلة الصحيحة للألباني 91 ) 
والله أعلم والحمد لله رب العلمين",,,youtube_XvMD0jNxeCc,,false,2026-04-03T19:07:32.702386
"بسم الله الرحمن الرحيم
لَّا تَجْعَلُوا دُعَاءَ الرَّسُولِ بَيْنَكُمْ كَدُعَاءِ بَعْضِكُم بَعْضًا ۚ قَدْ يَعْلَمُ اللَّهُ الَّذِينَ يَتَسَلَّلُونَ مِنكُمْ لِوَاذًا ۚ فَلْيَحْذَرِ الَّذِينَ يُخَالِفُونَ عَنْ أَمْرِهِ أَن تُصِيبَهُمْ فِتْنَةٌ أَوْ يُصِيبَهُمْ عَذَابٌ أَلِيمٌ (63)
.قال الضحاك ، عن ابن عباس : كانوا يقولون : يا محمد ، يا أبا القاسم ، فنهاهم الله عز وجل ، عن ذلك ، إعظاما لنبيه ، صلوات الله وسلامه عليه قال : فقالوا : يا رسول الله ، يا نبي الله . وهكذا قال مجاهد ، وسعيد بن جبير .
وقال قتادة : أمر الله أن يهاب نبيه صلى الله عليه وسلم ، وأن يبجل وأن يعظم وأن يسود .
وقال مقاتل [ بن حيان ] في قوله : ( لا تجعلوا دعاء الرسول بينكم كدعاء بعضكم بعضا ) يقول : لا تسموه إذا دعوتموه : يا محمد ، ولا تقولوا : يا بن عبد الله ، ولكن شرفوه فقولوا : يا نبي الله ، يا رسول الله .",,,youtube_XvMD0jNxeCc,,false,2026-04-03T19:07:32.702386
"ياامة محمد اين احترام النبي صلي الله عليه وسلم كيف نقول ايه العمل يااحمد الله سبحانه وتعالي في القرآن لم ينادي محمد بي اسمه    فااين التأدب مع رسول الله صلى الله عليه وسلم   
بسم الله الرحمن الرحيم ﴿ لَّا تَجْعَلُوا دُعَاءَ الرَّسُولِ بَيْنَكُمْ كَدُعَاءِ بَعْضِكُم بَعْضًا ۚ قَدْ يَعْلَمُ اللَّهُ الَّذِينَ يَتَسَلَّلُونَ مِنكُمْ لِوَاذًا ۚ فَلْيَحْذَرِ الَّذِينَ يُخَالِفُونَ عَنْ أَمْرِهِ أَن تُصِيبَهُمْ فِتْنَةٌ أَوْ يُصِيبَهُمْ عَذَابٌ أَلِيمٌ﴾
[ سورة النور: 63]

(التفسير)

لا تقولوا -أيها المؤمنون- عند ندائكم رسول الله: يا محمد، ولا يا محمد بن عبد الله، كما يقول ذلك بعضكم لبعض، ولكن شرِّفوه، وقولوا: يا نبي الله، يا رسول الله. قد يعلم الله المنافقين الذين يخرجون من مجلس النبي صلى الله عليه وسلم خفية بغير إذنه، يلوذ بعضهم ببعض، فليَحْذَر الذين يخالفون أمر رسول الله أن تنزل بهم محنة وشر، أو يصيبهم عذاب مؤلم موجع في الآخرة.",,,youtube_XvMD0jNxeCc,,false,2026-04-03T19:07:32.702386
قله ادب فى التحدث مع مقام النبى صل الله عليه وسلم .......( يَا أَيُّهَا الَّذِينَ آمَنُوا لَا تَرْفَعُوا أَصْوَاتَكُمْ فَوْقَ صَوْتِ النَّبِيِّ وَلَا تَجْهَرُوا لَهُ بِالْقَوْلِ كَجَهْرِ بَعْضِكُمْ لِبَعْضٍ أَن تَحْبَطَ أَعْمَالُكُمْ وَأَنتُمْ لَا تَشْعُرُونَ (2)- الحجرات.........اتقوا الله ولا تخالفوا اوامره بل احترموا انفسكم حتى لا تفقدوا احترامكم كم تفقدوا اعمالكم مع الله,,,youtube_XvMD0jNxeCc,,false,2026-04-03T19:07:32.702386
F2f fQ,,,youtube_XvMD0jNxeCc,,false,2026-04-03T19:07:33.676543
"اللهم صل وسلم وبارك على سيدنا محمد
https://youtu.be/mo6pOxLDcX4",,,youtube_XvMD0jNxeCc,,false,2026-04-03T19:07:38.007090
"عليه أفضل الصلاة والسلام
https://youtu.be/mo6pOxLDcX4",,,youtube_XvMD0jNxeCc,,false,2026-04-03T19:07:38.007090
سبحان الله ،،،آيه ،،اعوذ بالله من الشيطان الرجيم ،،ان الله وملائكته يصلون على النبي يا ايها الذين امنوا صلوا عليه وسلموا تسليما ،،،عدد احرف هذه الايه الشريفه 63 حرف وهي بعدد عمر النبي محمد صلى الله عليه وسلم,,,youtube_XvMD0jNxeCc,,false,2026-04-03T19:07:39.783273
اسمي تعملي لي بس ممكن الرساله دي النهارده الساعه 2:00,,,youtube_XvMD0jNxeCc,,false,2026-04-03T19:07:40.558792
مشاء الله انا نفسى أغنى معاكى أنا أيه عندى 13سنه صوتى حلو زيك يا ميرا أنا بحبك اوى,,,youtube_XvMD0jNxeCc,,false,2026-04-03T19:07:45.035508
https://youtu.be/7H8rOdftF6U,,,youtube_XvMD0jNxeCc,,false,2026-04-03T19:07:46.677044
8يؤسيش,,,youtube_XvMD0jNxeCc,,false,2026-04-03T19:07:47.480135
ض. 12 11 غص ش,,,youtube_XvMD0jNxeCc,,false,2026-04-03T19:07:48.290306
https://youtu.be/4dXtduE2HKE,,,youtube_XvMD0jNxeCc,,false,2026-04-03T19:07:49.990383
لا اله الا الله 3,,,youtube_XvMD0jNxeCc,,false,2026-04-03T19:07:50.798266
Maxe lah kata3jabni had amdah,,,youtube_XvMD0jNxeCc,,false,2026-04-03T19:07:51.567592
ماشاءالله تبارك الله داءما منورة اللهم صل وسلم وبارك على سيدنا محمد وعلى اله وصحبه اجمعين ومن تبعهم باحسان الى يوم الدين 🤲 🕋 👑 SM82 💔🇲🇦,,,youtube_XvMD0jNxeCc,,false,2026-04-03T19:07:52.296209
بحبك كتير يا أميرة   عالفكره انا بطلع أغنى فى الإذاعة وعندي 12 سنه,,,youtube_XvMD0jNxeCc,,false,2026-04-03T19:07:52.298209
حد بيسمعها في 2021,,,youtube_XvMD0jNxeCc,,false,2026-04-03T19:07:53.008669
https://youtu.be/u1q7MHmavyQ,,,youtube_XvMD0jNxeCc,,false,2026-04-03T19:07:55.402545
https://youtu.be/scd1qYe8Ywo,,,youtube_XvMD0jNxeCc,,false,2026-04-03T19:07:59.203603
بسم الله الرحمن الرحيم انا عيالي عيانين من 15 سنه ارجو منكم الدعاء لهم بالشفاء العاجل ان شاء الله 😭😭😭😭😭💔💔💔💔💔,,,youtube_XvMD0jNxeCc,,false,2026-04-03T19:08:02.933551
"تاؤ5,,",,,youtube_XvMD0jNxeCc,,false,2026-04-03T19:08:10.510955
https://youtu.be/7U_qMOt-Syo,,,youtube_XvMD0jNxeCc,,false,2026-04-03T19:08:10.510955
https://youtube.com/channel/UCx0n6TmeB7a7ywW9n5YQMpg,,,youtube_XvMD0jNxeCc,,false,2026-04-03T19:08:15.078067
https://youtu.be/_3SVJ-SixAs,,,youtube_XvMD0jNxeCc,,false,2026-04-03T19:08:17.378610
99جحك.   وةمكمممكح9980جججطططط,,,youtube_XvMD0jNxeCc,,false,2026-04-03T19:08:18.824885
اعلم ان 99% سيتاجهلون تعليقى لكن انا منشد إسلامي  فهل من مشجع لأهل القرآن وجزاكم الله خيرا ❤❤❤❤❤🌻🌻🌻❤❤,,,youtube_XvMD0jNxeCc,,false,2026-04-03T19:08:21.811216
https://youtu.be/dNqkE5Z99eA,,,youtube_XvMD0jNxeCc,,false,2026-04-03T19:08:24.056205
ططل6,,,youtube_XvMD0jNxeCc,,false,2026-04-03T19:08:24.056205
"السلام عليكم يا أهل الخير احسانكم انا اختكم فلسطينيه أرمله معي ٤ من الأطفال طالبه العون من الله ثم أهل الخير احسانكم الي عنده غيره على أعراض المسلمين والي حابب يساعدني لوجه الله له الأجر والثواب من الله واسال الله العظيم أن يحسن عملكم في ميزان حسناتكم وان شاء الله تكون صدقه جاريه لوجه الله تعالى وجزاكم الله خير الجزاء
أسكن أناوأبنائي في غرفة صغيرة لا تصلح للسكن ولا يوجدبها قصارة وبلاط وبداخلها حمام ومطبخ بلا أدنى مقومات الحياة
وداخل علينا رمضان ولانملك أي شيء لاستقباله
فأرجومن أهل الخير الوقوف معي من أجل أطفالي
للتواصل +970567050562
وشكرا",,,youtube_XvMD0jNxeCc,,false,2026-04-03T19:08:25.664872
بسم الله ماشاء الله تبارك الرحمن ربنا يبارك فيكي يا بنتي ويحفظك من كل شر وحق من احل القسم صوتك رووووووووووعه  استمري ربنا يوفقك يا رب 🌹🌹🌹💜💜💜🥀🥀💜💜💜🌷🌷🌷 30  / 3  /  2021,,,youtube_XvMD0jNxeCc,,false,2026-04-03T19:08:27.080793
عليه افضل الصلاة والسلام بأبي انت وأمي يا رسول الله صل الله عليه وسلم وبارك عليه 30 /  3 / 2021,,,youtube_XvMD0jNxeCc,,false,2026-04-03T19:08:27.080793
https://youtube.com/channel/UC3tLFwgTTpf9g08Iyges2-A,,,youtube_XvMD0jNxeCc,,false,2026-04-03T19:08:27.081796
"اريد التواصل معكم
01069281022",,,youtube_XvMD0jNxeCc,,false,2026-04-03T19:08:33.116453
https://youtu.be/moaPIY39CVs,,,youtube_XvMD0jNxeCc,,false,2026-04-03T19:08:33.851386
https://youtu.be/zIw-XD620Uo نفس الإنشاد بصوتى💖 وبدون تجاوزات,,,youtube_XvMD0jNxeCc,,false,2026-04-03T19:08:37.653545
"دقيقة من وقتك :
سبحان الله وبحمده سبحان الله العظيم (3)
الحمد لله(3)
الله أكبر(3)
استغفر الله العظيم وأتوب إليه (3)
لا إله إلا الله(3)
اللهم صلي وسلم على نبينا محمد وعلى آله وصحبه أجمعين  (3)",,,youtube_XvMD0jNxeCc,,false,2026-04-03T19:08:38.994825
Always he in everything 💋✨ 5/2/2026 / 00:31,,,youtube__5GOjjcOSaM,,false,2026-04-03T19:08:43.870991
"إحـــم إحـــم🎀💅
2026 نـَـتـَـصــِل بــِكــُم 🐅✨",,,youtube__5GOjjcOSaM,,false,2026-04-03T19:08:43.870991
"9.4 مليون مشاهدة انا ال9مليون💔رجعوني بعد سنين اذا بكون اجا لعندي و كملنا حياتنا سوا انا وحب الطفولة❤️‍🔥😭
دعولي💔💔",,,youtube__5GOjjcOSaM,,false,2026-04-03T19:08:43.870991
حبينا بعض يوم 9/5 لما نتزوج بجي هنا,,,youtube__5GOjjcOSaM,,false,2026-04-03T19:08:43.870991
Lara 2026 🧡,,,youtube__5GOjjcOSaM,,false,2026-04-03T19:08:43.870991
حدا هنا 2026❤😅,,,youtube__5GOjjcOSaM,,false,2026-04-03T19:08:43.870991
1\1انا بسمعها\2026,,,youtube__5GOjjcOSaM,,false,2026-04-03T19:08:43.870991
Where is 2025,,,youtube__5GOjjcOSaM,,false,2026-04-03T19:08:43.870991
حدا هون في 2025,,,youtube__5GOjjcOSaM,,false,2026-04-03T19:08:43.870991
"2:
تحفه ❤❤❤😊",,,youtube__5GOjjcOSaM,,false,2026-04-03T19:08:43.870991
https://youtu.be/Pz7A4f_pDcI?si=5ayT0pIoYOrFNxiO,,,youtube__5GOjjcOSaM,,false,2026-04-03T19:08:43.870991
Still love this song ❤❤❤ 2025 ..,,,youtube__5GOjjcOSaM,,false,2026-04-03T19:08:43.870991
ادعولي انخطب من حُب حياتي صارلنا 4 سنوات سوى وان شاءالله 2026/1/26 تكون سنتنا الخامسه الله يعينه على الظروف الي دا يمر بيها ادعولنا كُلشي يتسهل❤,,,youtube__5GOjjcOSaM,,false,2026-04-03T19:08:43.870991
رانا بشهر 10 سنة 2025 الاغنية ذكرتني بالطفولة الٱن بالثلاثينات عمري وتيتمت ومريضة كونسار. إذا جاني لايك أعرف أنها دعوة من القلب ❤,,,youtube__5GOjjcOSaM,,false,2026-04-03T19:08:44.660315
"عباس هداها الي وكلي احبج واعشقج ودا يحاول بكلشي حتى ننجمع بالحلال يارب اجعله من نصيبي اجمعنه بالحلال احبك 2025/10/1 يوم الاربعاء 
6:53😞💙💙🫂",,,youtube__5GOjjcOSaM,,false,2026-04-03T19:08:44.660315
سبتمبر 2025,,,youtube__5GOjjcOSaM,,false,2026-04-03T19:08:44.660315
"الي يسمعها بِ2026 الله يكون فِ عونك انا مَ بعرف شو السبب وليه تسمعها بس يَ رب تهون عليك وعلي وعلينا كُلنا وقرب مني شويهه شويهه قلبي وقلبك سواا يتلاقوو0:50😔🤏🏻💔 
8/9/2025 رجعوني💔👍🏻",,,youtube__5GOjjcOSaM,,false,2026-04-03T19:08:44.660315
منو جاي من 2050,,,youtube__5GOjjcOSaM,,false,2026-04-03T19:08:44.660315
‏‪0:50‬‏ قَرب مَني شوية شَويةة😔❤️‍🔥!,,,youtube__5GOjjcOSaM,,false,2026-04-03T19:08:44.660315
"0:50 
احلا جزء",,,youtube__5GOjjcOSaM,,false,2026-04-03T19:08:44.660315
2025 للحين اسمعها,,,youtube__5GOjjcOSaM,,false,2026-04-03T19:08:44.660315
0:51 قررررررب مني بالله قرب🙈💓💓💓,,,youtube__5GOjjcOSaM,,false,2026-04-03T19:08:44.660315
‏‪1:34‬‏ ضمنيي بايديكك😞😞A,,,youtube__5GOjjcOSaM,,false,2026-04-03T19:08:44.660315
‏‪1:47‬‏  الله يا سلااااام ❤❤,,,youtube__5GOjjcOSaM,,false,2026-04-03T19:08:44.660315
انا ال 7مليون views دول يا فنان,,,youtube__5GOjjcOSaM,,false,2026-04-03T19:08:44.660315
‏‪0:51‬‏ قرب مَني شوية شوية♥،,,,youtube__5GOjjcOSaM,,false,2026-04-03T19:08:44.660315
2:49 شوي شوي🦋🦋💋.,,,youtube__5GOjjcOSaM,,false,2026-04-03T19:08:45.457651
0:52 احلى مقطع بحبو كثير ❤️❤️,,,youtube__5GOjjcOSaM,,false,2026-04-03T19:08:45.457651
0:54 هاي الموسيقى موجودة بباب الحارة!,,,youtube__5GOjjcOSaM,,false,2026-04-03T19:08:45.457651
"ولا اروق 
مين عم يسمعها ب 2025 الشهر 7😂❤",,,youtube__5GOjjcOSaM,,false,2026-04-03T19:08:45.457651
مين بسمعها بي 2025/6/21❤,,,youtube__5GOjjcOSaM,,false,2026-04-03T19:08:45.457651
‏‪2:45‬‏ احلى مقطععع😔🤏🏻,,,youtube__5GOjjcOSaM,,false,2026-04-03T19:08:45.457651
‏‪0:50‬‏ الاغنيه اللي هرقص عليها انا والكوتي بتاعي يوم فرحنا,,,youtube__5GOjjcOSaM,,false,2026-04-03T19:08:45.457651
"‏‪1:53
 في عنيك احلى كلاااااام
قرب مني شوية....شوية 
قلبي وقلبك سوا يتلاقو 
الدنيا انت مليتها عليا
دا الحب يلي محدش داقو
قرب مني شوية..شوية
قد ما تقدر قرب تاني 
الدنيا انت مليتها عليا
وكأنك مخلوق على شانيي🥹🥹🥹🥹🫶🏻",,,youtube__5GOjjcOSaM,,false,2026-04-03T19:08:45.457651
2025.6.10  سمعتها,,,youtube__5GOjjcOSaM,,false,2026-04-03T19:08:45.457651
‏‪2:47‬‏ احلى بارت بلاغنيه كلها🥹💕,,,youtube__5GOjjcOSaM,,false,2026-04-03T19:08:45.457651
❤excelente cancion felicidades . Chetumal quintana roo,,,youtube__5GOjjcOSaM,,false,2026-04-03T19:08:45.457651
في احد يسمعها في 2025 غيري؟😔💞,,,youtube__5GOjjcOSaM,,false,2026-04-03T19:08:45.457651
"0:50 قرب مِني شوية شوية
قَلبي وقلَبك سوا يتلاقوا😔",,,youtube__5GOjjcOSaM,,false,2026-04-03T19:08:45.457651
‏‪0:50‬‏ قرب مني شويه شويه❤،  هاي احلى فقره بل اغنيه🥹💕,,,youtube__5GOjjcOSaM,,false,2026-04-03T19:08:45.457651
منو يسمعها ب 2025 بشهر ٥/٢٥😂😂😂😂😭😭😭,,,youtube__5GOjjcOSaM,,false,2026-04-03T19:08:45.457651
"0:51
قرب مني شويهَ شويهَ
قلبي و قلبك سَووا
يتلاقووا
الدُنيا أنتَ مَلتها عليا 
ده الحُب إللي مَحدش
شافووا ❤️‍🩹❤️‍🩹❤️‍🩹❤️‍🩹 ):",,,youtube__5GOjjcOSaM,,false,2026-04-03T19:08:46.296251
"0:51
قرب مني شويهَ شويهَ
قلبي و قلبَك سوا يتلاقووا",,,youtube__5GOjjcOSaM,,false,2026-04-03T19:08:46.296251
0:51 كُلنا جايين علمود هالبَارت,,,youtube__5GOjjcOSaM,,false,2026-04-03T19:08:46.296251
ححَبيبييي😞😞 ‏‪2:46‬‏,,,youtube__5GOjjcOSaM,,false,2026-04-03T19:08:46.296251
مين بيسمعها بي 2025 فشهر 5😂,,,youtube__5GOjjcOSaM,,false,2026-04-03T19:08:46.296251
2025/5/7💔مجرد ذكرى جميلة كانت يوماً,,,youtube__5GOjjcOSaM,,false,2026-04-03T19:08:46.296251
من جاي من 2025 😂,,,youtube__5GOjjcOSaM,,false,2026-04-03T19:08:46.296251
"‏‪2:39‬‏ 
يجنننننن",,,youtube__5GOjjcOSaM,,false,2026-04-03T19:08:46.296251
Amr diab . Saludos rey egipcio desde que? Conoci tu musica me hipnotize mágicamente. Con esa esencia arábica. Que? Enamoras con esa hermosa voz . ❤❤❤ Besos . Abrazos habibis . De latioameric para egipto saludos habibis.,,,youtube__5GOjjcOSaM,,false,2026-04-03T19:08:46.296251
حد هنا 2025,,,youtube__5GOjjcOSaM,,false,2026-04-03T19:08:46.296251
0:05  أدعولنه ننجمع بالحلال كُلش أحبه وأختياري وأختيار رب العالمين الصح الله لا يبعده عني ويخلي دومه إليه يوسفي  😔💕💕💕.,,,youtube__5GOjjcOSaM,,false,2026-04-03T19:08:46.296251
"2025/4/19 
11:49.PM",,,youtube__5GOjjcOSaM,,false,2026-04-03T19:08:46.296251
"2:46 مستحيل هالباااااااارت 😩 
🙏D🫀",,,youtube__5GOjjcOSaM,,false,2026-04-03T19:08:46.296251
مين ف مايو 2025 ؟,,,youtube__5GOjjcOSaM,,false,2026-04-03T19:08:46.296251
معقوله في حد سمعها في 2025؟😅,,,youtube__5GOjjcOSaM,,false,2026-04-03T19:08:46.296251
قرب مني شوي شوي قلبي و قلبك سوا ستلاقو❤ 1:05,,,youtube__5GOjjcOSaM,,false,2026-04-03T19:08:46.296251
‏‪2:05‬‏ يخبل هالبارت🥹🤍,,,youtube__5GOjjcOSaM,,false,2026-04-03T19:08:46.296251
هَـالـبَـارت يـجـننن 2:45 😩🌷✨.,,,youtube__5GOjjcOSaM,,false,2026-04-03T19:08:46.296251
صار عمري 20 لهلق بحلم احضرلك حفلة  💔,,,youtube__5GOjjcOSaM,,false,2026-04-03T19:08:47.035638
‏‪2:45‬‏ يربييي احلى بارتتت💋💋💋...,,,youtube__5GOjjcOSaM,,false,2026-04-03T19:08:47.035638
صدقني خلاص ❤❤❤❤❤❤❤❤❤❤ ‏‪0:51‬‏,,,youtube__5GOjjcOSaM,,false,2026-04-03T19:08:47.035638
حد هنا  2025,,,youtube__5GOjjcOSaM,,false,2026-04-03T19:08:47.035638
"احبك زوجي ايمن❤️💍
23 march 2025",,,youtube__5GOjjcOSaM,,false,2026-04-03T19:08:47.035638
بجد واو ‏‪2:48‬‏,,,youtube__5GOjjcOSaM,,false,2026-04-03T19:08:47.035638
"16/3/2025

ورح تنحط بعرسنا 🥺💓",,,youtube__5GOjjcOSaM,,false,2026-04-03T19:08:47.035638
"حلو 3.10 ❤
T🫶🏻❤️‍🔥",,,youtube__5GOjjcOSaM,,false,2026-04-03T19:08:47.035638
مين بيسمعها ب 2025❤❤🎉,,,youtube__5GOjjcOSaM,,false,2026-04-03T19:08:47.035638
انتاج 2065,,,youtube__5GOjjcOSaM,,false,2026-04-03T19:08:47.035638
احُبكِ يا آية ❤️ 2:47 🫂,,,youtube__5GOjjcOSaM,,false,2026-04-03T19:08:47.035638
2025 form Indonesia maluku seram waeyasel 🥺,,,youtube__5GOjjcOSaM,,false,2026-04-03T19:08:47.035638
مين بسمعها 2025❤,,,youtube__5GOjjcOSaM,,false,2026-04-03T19:08:47.035638
اليوم هو السبت 22شباط حبيبت روحي وا عمري وا حياتي كلها هدتني هاي الغنيه بحبها قد الدنيه ادعولي تكون من نصيبي Rبحبك يا دنيتي بحبك يروحي 😔🤍,,,youtube__5GOjjcOSaM,,false,2026-04-03T19:08:47.035638
"0:58
الدُنيا أنتَ مليتها عليَه ، M 🩵🩵.",,,youtube__5GOjjcOSaM,,false,2026-04-03T19:08:47.809116
"19/2/2025 
بسمعها انا وخالد بليلة زواجنا",,,youtube__5GOjjcOSaM,,false,2026-04-03T19:08:47.809116
‏‪0:50‬‏ هالمقطع ❤❤❤❤,,,youtube__5GOjjcOSaM,,false,2026-04-03T19:08:47.809116
صحبيتي هدتني اياها عند 45 ثانية في 14.2.2025🤏🥹,,,youtube__5GOjjcOSaM,,false,2026-04-03T19:08:47.809116
"‪0:37‬‏ الله يسلاااامممممم في عينييك أحلاااا كلاممممم 
‏‪0:50‬‏  قرب مني شويه شويه قلبي وقلبك سوا يتلاقوووو....
‏‪1:35‬‏ ضمنييييي بأديييييك 
‏‪1:47‬‏ اللههههههه يسلاااامممممممم
‏‪2:59‬‏ ااااا حبيبييييييييييييييييي
😔🩷🩷🩷🩷🩷🩷🩷🩷...",,,youtube__5GOjjcOSaM,,false,2026-04-03T19:08:48.512578
تاريخ 2025/2/3 انهديت الاغنيه ذي من انسانه غاليه على قلبي 😢 .,,,youtube__5GOjjcOSaM,,false,2026-04-03T19:08:48.512578
"1/2/2025
ساعه10:55p.m
يوم السبت.",,,youtube__5GOjjcOSaM,,false,2026-04-03T19:08:48.512578
0:58 قربب منيي شويااا شويااا !,,,youtube__5GOjjcOSaM,,false,2026-04-03T19:08:48.512578
منو يسمعها. ب2025تاريخ 29يناير 😂😂🦋💗😭😭,,,youtube__5GOjjcOSaM,,false,2026-04-03T19:08:48.512578
"2025/1/27 
اول لقاء بيناتنه ادعولنه ننجمع سوه بلحلال 😓",,,youtube__5GOjjcOSaM,,false,2026-04-03T19:08:49.176834
"جنت احب هاي الاغنيه واجه يوم والتقيت بحبيبت قلبي واول لقاء شغلتها وسمعنها سوه 
رورو غاليتي ❤19\1\2025",,,youtube__5GOjjcOSaM,,false,2026-04-03T19:08:49.176834
"جنت احب هاي الاغنيه واجه يوم والتقيت بحبيبت قلبي واول لقاء شغلتها وسمعنها سوه 
رورو غاليتي ❤19\1\2025",,,youtube__5GOjjcOSaM,,false,2026-04-03T19:08:49.176834
مين يسمعها في 2025 تاريخ 21يناير😂😂؟,,,youtube__5GOjjcOSaM,,false,2026-04-03T19:08:49.176834
0:50 قّرب مني شويا شويا  قلبي وقلبك سووى يتلاقوو الدُنيا انتَ مليتها ؏ـليہ 🫂❤️,,,youtube__5GOjjcOSaM,,false,2026-04-03T19:08:49.865718
ذكرى يوم 1/20  ساعه 9:52 الصبح جاي اراجع عربي امتحان نص السنه والباجر اخر امتحان نص السنه وصارت هل اغنيه كدامي وجتني هواجيسس 👎🏼👎🏼✨,,,youtube__5GOjjcOSaM,,false,2026-04-03T19:08:49.865718
مين بيسمعها في 2025,,,youtube__5GOjjcOSaM,,false,2026-04-03T19:08:49.865718
مين بيسمعه في 2025,,,youtube__5GOjjcOSaM,,false,2026-04-03T19:08:49.865718
مين بيسمعها ب2025 هلا ❤,,,youtube__5GOjjcOSaM,,false,2026-04-03T19:08:49.865718
ذكرى 13\1,,,youtube__5GOjjcOSaM,,false,2026-04-03T19:08:50.580429
مين بسمعها في 2025 ❤❤,,,youtube__5GOjjcOSaM,,false,2026-04-03T19:08:50.580429
دخلت اسمعها عشان شفتها بصفحه ومسويه لها اعجاب😂😂😂 شكلها صارت تحب احد ثاني بدايه 2025 ننه,,,youtube__5GOjjcOSaM,,false,2026-04-03T19:08:50.580429
منو يسمعها ب2025/1/8,,,youtube__5GOjjcOSaM,,false,2026-04-03T19:08:51.237602
انت ال ال 50 سنارز يعمرو ♥️😩,,,youtube__5GOjjcOSaM,,false,2026-04-03T19:08:51.869277
مافي بعد عمر دياب 2025❤,,,youtube__5GOjjcOSaM,,false,2026-04-03T19:08:52.515178
مين بيسمع 2025؟ ✨,,,youtube__5GOjjcOSaM,,false,2026-04-03T19:08:52.515178
"هدانياها عـلي 
ماجنت متوقعه هالفرحه الي حيرسمها ع وجهي من هدانياها حيل اموت عليها هالاغنيه , مانسى كلماته الحلوه وانو ميزني ع الكُـل احبه، ماعرف لحدمن حيدوملي بس رح اضل ويا منا لنهايه عمري وعد مني اله وهالتعليق ذكره اله حيضل يارب ميأذيني ويضل ويايه وياخذني بالحلال 🙁🥹🥹🥹 ‏‪2:46‬‏ 🩵🩵🩵🩵🩵🩵🩵🩵🩵🩵🩵",,,youtube__5GOjjcOSaM,,false,2026-04-03T19:08:53.172883
00:52 احلى بارت😞😞,,,youtube__5GOjjcOSaM,,false,2026-04-03T19:08:53.172883
"N7eb notleb menkom el sme7 eli ma telhitech bikom el 3amin le5renin. sarou barcha hajet lhamdoullah lwe7ed 5raj menhom labes. el 5edma 3morha ma we9fet juste l tahbit w9ef, sakerterlkom l3am b7aja bnina barcha, we nchallah bech n7elelkom l3am ljdid b ALBUM, STANEWNI, LOVE YOU ALL.",,,youtube_FUtGEkQr3DE,,false,2026-04-03T19:08:54.946586
M9AWEED ❤,,,youtube_FUtGEkQr3DE,,false,2026-04-03T19:08:54.946586
غناية كيما هادي 500 الف برك والله عجائب 😂😢,,,youtube_FUtGEkQr3DE,,false,2026-04-03T19:08:54.946586
راب تاع 2010 تقول محفوظات يعطي نم للاشهار,,,youtube_FUtGEkQr3DE,,false,2026-04-03T19:08:54.946586
Snor ta3 tunis,,,youtube_FUtGEkQr3DE,,false,2026-04-03T19:08:54.946586
Mella vibe w mella feeling bsara7a 🤍✨️🩵,,,youtube_FUtGEkQr3DE,,false,2026-04-03T19:08:54.946586
"7aja me tesma3hech fi ay artiste e5er
❤numb ya ostouuuuura",,,youtube_FUtGEkQr3DE,,false,2026-04-03T19:08:54.946586
zbarrr kel 3adaaaaa ❤,,,youtube_FUtGEkQr3DE,,false,2026-04-03T19:08:54.946586
Hetha berasmi el lezem tasm3ou ya la3bd❤❤,,,youtube_FUtGEkQr3DE,,false,2026-04-03T19:08:54.946586
"Awel MRA nsm3ek bro berjolya y3tik s7a ken 9rito commentaires 
""Mochkolti li n9ra fi 3in We sûr 3rfet chnya nyto ""
Grand respect 🙏",,,youtube_FUtGEkQr3DE,,false,2026-04-03T19:08:54.946586
يا خويا ❤❤ محلاه الكليب والله في النهار نسمع فيه 15 مرة 🎓💗🇨🇭,,,youtube_FUtGEkQr3DE,,false,2026-04-03T19:08:54.946586
zabboura numb5oya wasel 🔥🔥🔥,,,youtube_FUtGEkQr3DE,,false,2026-04-03T19:08:54.946586
Bien sûre makech bich ta3ref harba wine ki enti t3awed firouhek matbadel chay,,,youtube_FUtGEkQr3DE,,false,2026-04-03T19:08:54.946586
Vibe zaboura a 5ouna,,,youtube_FUtGEkQr3DE,,false,2026-04-03T19:08:54.946586
https://youtu.be/QkYakQ962oU?si=61GDxyaVMElvnblR,,,youtube_FUtGEkQr3DE,,false,2026-04-03T19:08:54.946586
"WELCOME BACK YA 7OUMA
😍😍😍😍",,,youtube_FUtGEkQr3DE,,false,2026-04-03T19:08:54.946586
"Ante mch normal mala vibe ❤
Sa7a 5oya🤍",,,youtube_FUtGEkQr3DE,,false,2026-04-03T19:08:54.946586
Ya rou7i 3lik❤❤❤❤❤❤❤,,,youtube_FUtGEkQr3DE,,false,2026-04-03T19:08:54.946586
A7la numbxiller we a7la Lhmira ❤️,,,youtube_FUtGEkQr3DE,,false,2026-04-03T19:08:54.946586
W ena moch 3aref el harba win? 🙌🏼,,,youtube_FUtGEkQr3DE,,false,2026-04-03T19:08:54.946586
A3mlou talla fi chaîne mte3i w asm3ou l'mouzika wa3touni raykom 🔥🔥❤️,,,youtube_FUtGEkQr3DE,,false,2026-04-03T19:08:54.946586
Ma 9albu nhasou ya3raf yeah wana moch 3arf lharba wiiin  🎻🎻🇩🇿🎶🎧,,,youtube_FUtGEkQr3DE,,false,2026-04-03T19:08:54.946586
1:28-_-Haw dhareb s7y7💥💥,,,youtube_FUtGEkQr3DE,,false,2026-04-03T19:08:54.946586
9asaman bellah raaak 3alami wma3adech etawel 3linaa ya bro raak wlh ghnek bel nesba liaa kif 7arboucha ncalmi biha rouhiii ...ecnhalah tarj3elna b9owa we bravo titre kessaaaaa7 barcha we enchalah ta3mlelna 7afla fi sfax biiiiiiiiig love,,,youtube_FUtGEkQr3DE,,false,2026-04-03T19:08:54.946586
Nikomo track dam3a,,,youtube_FUtGEkQr3DE,,false,2026-04-03T19:08:54.946586
Chaba aya wehd yara il coumnter ya3ml aboune yousstrkoum w rani bach nahbt 4anya mazyena brach 🎤😍,,,youtube_FUtGEkQr3DE,,false,2026-04-03T19:08:54.946586
Oud5il assm3o 8nyati nachlh te3gebkem  https://youtu.be/DxxOUCaDZyk?si=h0WPTpKTW4fKVLOT,,,youtube_FUtGEkQr3DE,,false,2026-04-03T19:08:54.946586
Fanaan a lkho 🔥🤍🇩🇿,,,youtube_FUtGEkQr3DE,,false,2026-04-03T19:08:54.946586
If you don't understand plz follow 12,,,youtube_FUtGEkQr3DE,,false,2026-04-03T19:08:54.946586
Wlh kes7 ☠️🥵🥵,,,youtube_FUtGEkQr3DE,,false,2026-04-03T19:08:54.946586
A7laaaa numb weeeee  9aderrr nyk,,,youtube_FUtGEkQr3DE,,false,2026-04-03T19:08:54.946586
vibe wmouzika tnik numb 💖💖 nstana albumk,,,youtube_FUtGEkQr3DE,,false,2026-04-03T19:08:54.946586
A9wa numb ❤️‍🔥❤️‍🔥,,,youtube_FUtGEkQr3DE,,false,2026-04-03T19:08:55.600747
Chabeb ena nhabet music 🎼 od5lo asm3ou traket Eli msajlinhim siportiwni yar ham wAldikom nes elkol selem ay ❤️❤️🇹🇳,,,youtube_FUtGEkQr3DE,,false,2026-04-03T19:08:55.600747
"N7eb notleb menkom el sme7 eli ma telhitech bikom el 3amin le5renin. sarou barcha hajet lhamdoullah lwe7ed 5raj menhom labes. el 5edma 3morha ma we9fet juste l tahbit w9ef, sakerterlkom l3am b7aja bnina barcha, we nchallah bech n7elelkom l3am ljdid b ALBUM, STANEWNI, LOVE YOU ALL.",,,youtube_FUtGEkQr3DE,,false,2026-04-03T19:08:55.600747
2-4-2026 تالت ثانوي وقت الامتحان 6-6-2026 دعولي❤️‍🩹✨,,,youtube_q8WcR5wiOSg,,false,2026-04-03T19:08:57.949196
مين من 2026؟,,,youtube_q8WcR5wiOSg,,false,2026-04-03T19:08:57.949196
2:29 بيديك واحده يا ليالي تخليك تعيط غصب عنك,,,youtube_q8WcR5wiOSg,,false,2026-04-03T19:08:57.949196
مين بيسمعها في 25/7/2025😅😢,,,youtube_q8WcR5wiOSg,,false,2026-04-03T19:08:57.949196
0:43 فشختنا يا موهاب خلاص😭💔,,,youtube_q8WcR5wiOSg,,false,2026-04-03T19:08:57.949196
اركن جنبي يلي بتسمعها ف 2026,,,youtube_q8WcR5wiOSg,,false,2026-04-03T19:08:57.949196
مين يلي في 2026😂,,,youtube_q8WcR5wiOSg,,false,2026-04-03T19:08:57.949196
0:37 هبان بالنوم والله 0:44 بعيش ايام وخلاصصصصص,,,youtube_q8WcR5wiOSg,,false,2026-04-03T19:08:57.949196
2025.5.3 يارب اجيب معدل هالسنة وافرح اهلي يارب والله تعبت,,,youtube_q8WcR5wiOSg,,false,2026-04-03T19:08:57.949196
1:42بناقص أعيش 1:43,,,youtube_q8WcR5wiOSg,,false,2026-04-03T19:08:57.949196
1:25 بجد بجد يمهاب انت مش فاهم المشاعر الي بنحس بيها في كل تراك بنسمعه ليك يجدع انت موهبه رهيبهههه🤍,,,youtube_q8WcR5wiOSg,,false,2026-04-03T19:08:57.949196
مين بيسمع من 2025,,,youtube_q8WcR5wiOSg,,false,2026-04-03T19:08:58.750564
"يابني كفاااااااااااااية
2025😢😢😢😢",,,youtube_q8WcR5wiOSg,,false,2026-04-03T19:08:58.750564
"جامد بجد ✨
1/1/2025",,,youtube_q8WcR5wiOSg,,false,2026-04-03T19:08:58.750564
"‏‪ ‏‪0:19‬‏ اى دا بس لى كدا🙂
(تعديل) النسخه دى احسن من الموند بكتير كفايا كيتكات",,,youtube_q8WcR5wiOSg,,false,2026-04-03T19:08:58.750564
مين هنا من2024😢😢😢😢,,,youtube_q8WcR5wiOSg,,false,2026-04-03T19:08:58.750564
0:32 كل ما اسمع التراك ادعيلك واهبط مش عارف ليه ربنا يخليك للإكتئاب وتعيش وتعطينا وتفرحنا وتفكرنا حبايبنا,,,youtube_q8WcR5wiOSg,,false,2026-04-03T19:08:58.751564
تالتة ثانوي 23/6 علمي رياضة ادعولي ادخل هندسة🥺🥺🤲🏻,,,youtube_q8WcR5wiOSg,,false,2026-04-03T19:08:58.751564
تالته ثانوى 27/3/2024,,,youtube_q8WcR5wiOSg,,false,2026-04-03T19:08:58.751564
"in egypt you will say ma3lem a3la wadaq  in germany we would say ""  Baba läuft ""💥💥💥",,,youtube_q8WcR5wiOSg,,false,2026-04-03T19:08:58.751564
ana 3yat walahy shokran enak tl3t 7aga ana 7ases beha,,,youtube_q8WcR5wiOSg,,false,2026-04-03T19:08:59.483449
بتوصف المشاعر ال بنحس بيها ف 3 دقايق بجد جامد فشخ...,,,youtube_q8WcR5wiOSg,,false,2026-04-03T19:08:59.483449
Kfaia 3azma msh adra atl3 mn el album,,,youtube_q8WcR5wiOSg,,false,2026-04-03T19:08:59.483449
kosom elfogr ya fanan <3,,,youtube_q8WcR5wiOSg,,false,2026-04-03T19:09:00.248568
من الاواءل 7.51,,,youtube_q8WcR5wiOSg,,false,2026-04-03T19:09:00.913176
مين بيسمع في 2025 ❤️❤️,,,youtube__ZVwhN0agSw,,false,2026-04-03T19:09:02.356910
"2025 يجي جنبي 
طرب ❤❤❤",,,youtube__ZVwhN0agSw,,false,2026-04-03T19:09:02.356910
habibi squad 😂❤❤,,,youtube__ZVwhN0agSw,,false,2026-04-03T19:09:02.356910
فين الجيل الجامد ال بيسعها دلوقت 2025,,,youtube__ZVwhN0agSw,,false,2026-04-03T19:09:02.356910
"يسمعها من 9 سنين على تطبيق ""أنغامي""",,,youtube__ZVwhN0agSw,,false,2026-04-03T19:09:02.356910
2024😂وأنتا,,,youtube__ZVwhN0agSw,,false,2026-04-03T19:09:02.356910
habatal el do5an ana m4 7a7tag el lighter,,,youtube__ZVwhN0agSw,,false,2026-04-03T19:09:02.356910
Great music as usual….🎉 I love your authenticity👍🏽👍🏽👍🏽👍🏽👍🏽👍🏽👍🏽 still good song in 2023,,,youtube__ZVwhN0agSw,,false,2026-04-03T19:09:02.356910
"Yooo! It’s 2:00am and I’m in bed, but I keep replaying it. 😮‍💨",,,youtube__ZVwhN0agSw,,false,2026-04-03T19:09:02.356910
2022 any one..?😂,,,youtube__ZVwhN0agSw,,false,2026-04-03T19:09:02.356910
جيش 2021 يجمع هنا !!,,,youtube__ZVwhN0agSw,,false,2026-04-03T19:09:02.356910
مين يسمعها بي 2021,,,youtube__ZVwhN0agSw,,false,2026-04-03T19:09:02.356910
"2021
Any one here 👀💜",,,youtube__ZVwhN0agSw,,false,2026-04-03T19:09:02.356910
بتوع 2021 يحضروو😹😹,,,youtube__ZVwhN0agSw,,false,2026-04-03T19:09:02.356910
2021 ايه القمر دا😂💙,,,youtube__ZVwhN0agSw,,false,2026-04-03T19:09:02.356910
مين هنا 2021😂🔥🔥,,,youtube__ZVwhN0agSw,,false,2026-04-03T19:09:02.356910
2021🤣😅هنا؟!,,,youtube__ZVwhN0agSw,,false,2026-04-03T19:09:02.356910
ال بيسمع الاغنيه 2020 لايك هنا وادعيلي انجح ف الثانويه العامه 🙂,,,youtube__ZVwhN0agSw,,false,2026-04-03T19:09:03.171593
"**Me sitting with serious face in public**
My earphones: 1:15",,,youtube__ZVwhN0agSw,,false,2026-04-03T19:09:03.171593
مين بيسمعها 2020 حلووووة جدا,,,youtube__ZVwhN0agSw,,false,2026-04-03T19:09:03.171593
"if someone understand those words pls explain em to me hahaha 
Mamalodjo Mamalodjo
Ebzamo Dabelanbledji Npaliinii pallini pallini Paliia3
Ebzamo Dabelanbledji Ezamledjy",,,youtube__ZVwhN0agSw,,false,2026-04-03T19:09:03.171593
بارانويا واحد بس بس بسhbnxwefo097426,,,youtube__ZVwhN0agSw,,false,2026-04-03T19:09:03.171593
Gold ❤️ 2020,,,youtube__ZVwhN0agSw,,false,2026-04-03T19:09:03.171593
الي بسمعها 2020ليك,,,youtube__ZVwhN0agSw,,false,2026-04-03T19:09:03.171593
"حد هنــا بيسمعهـا فى 2020
🙈🙈",,,youtube__ZVwhN0agSw,,false,2026-04-03T19:09:03.171593
مين بيسماعها فيه 2020,,,youtube__ZVwhN0agSw,,false,2026-04-03T19:09:03.171593
اللي بيسمعهاا ف ال2020يدوس لايك♥️♥️,,,youtube__ZVwhN0agSw,,false,2026-04-03T19:09:03.171593
2020 هناا؟!! 😂❤️,,,youtube__ZVwhN0agSw,,false,2026-04-03T19:09:03.171593
"ياخي حرام عليك والله كل ما أشغل الأغنية وانا سايق تجيليي حاله غريبة 😂😂
في مصر من 4 سنين عملت حادثه كنت ماشي 180 والفردة طارت😂 وأخدت 10غرز 
روحت السعودية ومن اسبوع شغلتها وانا سايق وهووب ساهر في وشي وماشي 140😂 والحمد لله نزلتلي مخالفة ب 300 ريال بس بدل 800 عملوا واجب وكده😄 وبرضوا بشغلها وبرضوا بجري",,,youtube__ZVwhN0agSw,,false,2026-04-03T19:09:03.171593
الي بيسمعها من2020يخبط لايك,,,youtube__ZVwhN0agSw,,false,2026-04-03T19:09:03.171593
طب الي بيسمعها من 2019 لا يكك,,,youtube__ZVwhN0agSw,,false,2026-04-03T19:09:03.171593
اللي بيسمعا في 2020,,,youtube__ZVwhN0agSw,,false,2026-04-03T19:09:03.171593
2019 ومش عايز حد ييجي جنبي الجو حر وقاعد بالكلوت,,,youtube__ZVwhN0agSw,,false,2026-04-03T19:09:03.171593
1:09 اجمل مقطع 😘😘😍😍,,,youtube__ZVwhN0agSw,,false,2026-04-03T19:09:03.171593
اغنيه جامده بس اللي في 2019 لايك ❤,,,youtube__ZVwhN0agSw,,false,2026-04-03T19:09:03.171593
"خلاص هسيطر هخش بقلب فايتر
هبطل الدخان انا مش هحتاج اللايتر
من الطيارة انط افتح باراشوت
هنفض للسواقة واقه م الزحمة هكت
وانا لما بحس باحباط
انا بطلع اكروز بالمنطاد
واشوف الدنيا من فوق
يمكن الحال يروق
مش عايز اتعصب تاني
وانا هبقى لافلي ذوق
لو يوم قولت لبنت
على فكرة انتي عاجباني
بعدها صدفة شوفتها
اتدلعت عملت مش شايفاني
هكرف وانفض خالص مش هتكلم تاني
تؤ تؤ تؤ
انا مش هتكلم تاني
يوم تاني فاضي
هقعد طول اليوم لابس البيجاما
وهصحى تاني يوم فريش فايق بابتسامة
مالكوا مكشرين كده
دايما زعلانين كده
شكلكوا وحشين كده
ومتنشنين متخشبين دايما قافشين
وهوبا خناقة جنبي تطفح مجاري بلاعة
مزيكتي معايا دايما وف ودني راشق سماعة
واقولها ف كل اذاعة Ebzmledjy هقولها فكل اذاعة
Ebzamo Dabelanbledji Ezamledjy
Mamalodjo Mamalodjo
Ebzamo Dabelanbledji Npaliinii pallini pallini Paliia3
Ebzamo Dabelanbledji Ezamledjy
Mamalodjo Mamalodjo
Ebzamo Dabelanbledji Npaliinii pallini pallini Paliia3
فكك م اللي يشكك بدل ما الايام هتدكك
خلي بالك من كلامك قبل ما ينط من بوقك
وتطبل على دماغك هوبا درابوكة
و الايام بتلف وتاخد في الزلموكة
عامل فيها بيس
لا لا لا اشكَ . انا انا اشكَ
شيك لافلي واعمل كل حاجة بالطريقة
وشيل من دماغك ابن ناس ولا بيئة
اصل الدنيا سهلة مش مستاهلة
الحوار بيكبر او يخلص في وهلة
تعمل مشكلة ليه هتستفيد ايه
خليك خليك بيه
تعمل مشكلة ليه هتستفيد ايه
خليك خليك بيه
حاسس ان كلامي منطقي تمام وزين
واحد جنب واحد اكيد هيساوي اتنين
دماغك راحت فين الكلام دا للمنفسنين
ايون للمنفسنين
Ebzamo Dabelanbledji Ezamledjy
Mamalodjo Mamalodjo
Ebzamo Dabelanbledji Npaliinii pallini pallini Paliia3
Ebzamo Dabelanbledji Ezamledjy
Mamalodjo Mamalodjo
Ebzamo Dabelanbledji Npaliinii pallini pallini Paliia3
Powered By: Amr Hamza",,,youtube__ZVwhN0agSw,,false,2026-04-03T19:09:03.171593
الى بيسمعها بعد 5-5-2019  يجي هنا يخبط لايك,,,youtube__ZVwhN0agSw,,false,2026-04-03T19:09:03.171593
الي في 2020,,,youtube__ZVwhN0agSw,,false,2026-04-03T19:09:03.171593
لو بتسمعها في 2019 ايدك واللايك,,,youtube__ZVwhN0agSw,,false,2026-04-03T19:09:03.171593
اللي بيسمعها ف 2019 لايك 😍⁦✌️⁩,,,youtube__ZVwhN0agSw,,false,2026-04-03T19:09:03.171593
"https://m.youtube.com/channel/UCgOmIyw45fg4ptQgcsV7q6A
أخواتي من بعد ازنكن💚 شتركو بهي القناة ع اليوتيوب
بتنشر شي حلو عن البوبجي وتحديثات والالعاب والهكر  
ويسعدلي قلبكن ياعضامي انتو💚😘",,,youtube__ZVwhN0agSw,,false,2026-04-03T19:09:03.171593
طاب وال بيسمعها ف 2019,,,youtube__ZVwhN0agSw,,false,2026-04-03T19:09:03.171593
البيسمعها في 2019يجي هنا يخبط ليك,,,youtube__ZVwhN0agSw,,false,2026-04-03T19:09:03.171593
البيسمعها فيـ2019 يجي هنا يخبط لايك,,,youtube__ZVwhN0agSw,,false,2026-04-03T19:09:03.171593
@KC2g,,,youtube__ZVwhN0agSw,,false,2026-04-03T19:09:03.950130
مين هنا من 2019,,,youtube__ZVwhN0agSw,,false,2026-04-03T19:09:03.950130
"I need a translation of this song, I really love it! <3",,,youtube__ZVwhN0agSw,,false,2026-04-03T19:09:03.950130
"بتخاف من المرتفعات ؟ تقدر تمشي من اعلي برج بارتفاع 300 متر بجد ؟  ولو طلعلك Zombies وحاصروك من كل ناحيه هتعمل ايه ؟!  طيب تقدر تستحمل ال Bungee Jump من علي ارتفاع 200 متر ؟  ولو وقعت في كهف واتحبست فيه هتتصرف ازاي ؟ هل تقبل التحدي وتكسر حاجز الخوف ؟ هل عندك القدره والجرأة انك تعملها ؟

 في انتظارك الان باكبر مركز العاب متخصص بالواقع الافتراضي Virtual Reality في مصر باستخدام احدث التكنولوجيا المتخصصة في العالم. 

-----------------------------------------------------------
اكثر من 100 تجربة ولعبة مختلفه لجميع الاعمار ممكن تلعبها انت واصحابك وأكثر من 20 لعبة Multiplayer ممكن تلعبوهم لحد 8 أشخاص في نفس الوقت سواء Versus ضد بعض او Co-Op مع بعض.

 ----------------------------------------------------------

انت هتكون بنفسك وبجسمك جوه اللعبه وهتمشي وتتحرك 🏃🏽وكل حركه وخطوه هتعملها في الحقيقه هتعملها في ""الواقع الافتراضي""
البوست ده في اجابة علي معظم الاسئله اللي بتتسالنا كل",,,youtube__ZVwhN0agSw,,false,2026-04-03T19:09:03.950130
اللى فى 2018 و لسه بيسمع الالبوم ده ﻻيك ..,,,youtube__ZVwhN0agSw,,false,2026-04-03T19:09:03.950130
https://youtu.be/Wkhr2sI4AKY,,,youtube__ZVwhN0agSw,,false,2026-04-03T19:09:03.950130
مين جاي من 2019,,,youtube__ZVwhN0agSw,,false,2026-04-03T19:09:04.742681
من جاي من 2020 لايك,,,youtube__ZVwhN0agSw,,false,2026-04-03T19:09:04.742681
"#Full lyrics :D Spell has broken :P
خلاص هسيطر هخش بقلب فايتر
هبطل الدخان انا مش هحتاج اللايتر
من الطيارة انط افتح باراشوت
هنفض للسواقة واقه م الزحمة هكت

وانا لما بحس باحباط
انا بطلع اكروز بالمنطاد
واشوف الدنيا من فوق
يمكن الحال يروق
مش عايز اتعصب تاني
وانا هبقى لافلي ذوق

لو يوم قولت لبنت
على فكرة انتي عاجباني
بعدها صدفة شوفتها
اتدلعت عملت مش شايفاني
هكرف وانفض خالص مش هتكلم تاني
تؤ تؤ تؤ

انا مش هتكلم تاني
يوم تاني فاضي
هقعد طول اليوم لابس البيجاما
وهصحى تاني يوم فريش فايق بابتسامة
مالكوا مكشرين كده
دايما زعلانين كده
شكلكوا وحشين كده

ومتنشنين متخشبين دايما قافشين
وهوبا خناقة جنبي تطفح مجاري بلاعة
مزيكتي معايا دايما وف ودني راشق سماعة

واقولها ف كل اذاعة Ebzmledjy هقولها فكل اذاعة
Ebzamo Dabelanbledji Ezamledjy
Mamalodjo Mamalodjo
Ebzamo Dabelanbledji Npaliinii pallini pallini Paliia3
Ebzamo Dabelanbledji Ezamledjy

Mamalodjo Mamalodjo
Ebzamo Dabelanbledji Npaliinii pallini pallini Paliia3

فكك م اللي يشكك بدل ما الايام هتدكك
خلي بالك من كلامك قبل ما ينط من بوقك
وتطبل على دماغك هوبا درابوكة
و الايام بتلف وتاخد في الزلموكة
عامل فيها بيس
لا لا لا اشكَ . انا انا اشكَ
شيك لافلي واعمل كل حاجة بالطريقة
وشيل من دماغك ابن ناس ولا بيئة
اصل الدنيا سهلة مش مستاهلة
الحوار بيكبر او يخلص في وهلة
تعمل مشكلة ليه هتستفيد ايه
خليك خليك بيه
تعمل مشكلة ليه هتستفيد ايه
خليك خليك بيه
حاسس ان كلامي منطقي تمام وزين
واحد جنب واحد اكيد هيساوي اتنين
دماغك راحت فين الكلام دا للمنفسنين
ايون للمنفسنين
Ebzamo Dabelanbledji Ezamledjy
Mamalodjo Mamalodjo
Ebzamo Dabelanbledji Npaliinii pallini pallini Paliia3
Ebzamo Dabelanbledji Ezamledjy
Mamalodjo Mamalodjo
Ebzamo Dabelanbledji Npaliinii pallini pallini Paliia3",,,youtube__ZVwhN0agSw,,false,2026-04-03T19:09:05.474041
"songs words in english As the times of the songs _akamlh salvation control Vkhalh heart Feeter haunted smoke I do not need liters of the pilot of the open barashot Hnfd for the market Hmhhp Htwana frustrated because I am not Akroz Balmtdooshov the world above can be the case I do not want to Tasbiz Tani and I am Hafiz Lafly Zouklo day I told the girl on the idea that you are an African After a coincidence Shoftha Mtalat did not work Shifani Hkrf and I will not speak I will not speak Taniiom Tanii Tnayyum Vtni Waqt the length of the day to wear Pegama and Tishi Tani Day Fresh Fayek smile Malakhah Khdayama Zaalin Kdklkha and Hshin Khedh and Mnchnin always submerged Qafshinhoba Khana I'm a fan of my tongue, I'm a fan of my tongue. I have a loud noise and a loud noise. I doubt .. I am Ikshkik Lavly and do all the need in the way and Shil of your brain, the son of people and environment of the origin of the world is not easy to reconcile the dialogue Bekber or save at the moment is a problem Les Htstvid Akhlk Khalik Bihassas that my words are logical and perfect one side one sure Hsawi Atenin your brain Rahat Then the Lord spoke to the Nefeshniyon to the messengers",,,youtube__ZVwhN0agSw,,false,2026-04-03T19:09:05.474041
album helww awii especially el o8nyaa deee!😍😍,,,youtube__ZVwhN0agSw,,false,2026-04-03T19:09:05.474041
شغلكمم عالي فشخ ي شباب عايزين البومم زي الالبوم ده بجد عاش <3,,,youtube__ZVwhN0agSw,,false,2026-04-03T19:09:05.474041
this song is SO CATCHY HAHAHA  i wish i can understand it <33,,,youtube__ZVwhN0agSw,,false,2026-04-03T19:09:06.947104
sharmoover w 2ft5r,,,youtube__ZVwhN0agSw,,false,2026-04-03T19:09:06.948106
a8nya Gamda,,,youtube__ZVwhN0agSw,,false,2026-04-03T19:09:06.948106
add my whatsapp +6285258321222,,,youtube__ZVwhN0agSw,,false,2026-04-03T19:09:07.694030
اللحن جامد اوي <3,,,youtube__ZVwhN0agSw,,false,2026-04-03T19:09:07.694030
To7fa awi 2l song,,,youtube__ZVwhN0agSw,,false,2026-04-03T19:09:08.454020
👍🏼👍🏼👍🏼👌🏼👌🏼👌🏼✌🏼️✌🏼️👏🏼👏🏼👏🏼3l afriquan,,,youtube__ZVwhN0agSw,,false,2026-04-03T19:09:08.454020
Woow<3:-o,,,youtube__ZVwhN0agSw,,false,2026-04-03T19:09:08.454020
had 3aaref site momken anazel men 3alaah el oghneya dyy ??,,,youtube__ZVwhN0agSw,,false,2026-04-03T19:09:08.454020
how can i get this instrumental ??,,,youtube__ZVwhN0agSw,,false,2026-04-03T19:09:08.454020
"الأإنية فااجرة ومزيكتها فاااااجرة
بس ممكن تردوا عليا وتفهمونى ايه الكلام الغريب اللى بيتقال فى وسط الكلمات ده ,ايه امعنى الكلام اللى بيتقال من الدقيقة 2:18 ؟؟ 
:D",,,youtube__ZVwhN0agSw,,false,2026-04-03T19:09:09.236199
هى اللغة اللى فى الدقيقة 2:18  دى اييه؟,,,youtube__ZVwhN0agSw,,false,2026-04-03T19:09:09.236199
في مصر 1+1=3,,,youtube__ZVwhN0agSw,,false,2026-04-03T19:09:09.236199
A7san w7daaa oxem bellah 😲,,,youtube__ZVwhN0agSw,,false,2026-04-03T19:09:09.236199
"bat2oooooooooooooooolooooooooo aaaaaaaaaaaaaaaaaaaaaa :D , bas 7alw 7alw walhy bagad (Y)",,,youtube__ZVwhN0agSw,,false,2026-04-03T19:09:09.236199
اجمد اغنية 3,,,youtube__ZVwhN0agSw,,false,2026-04-03T19:09:09.986864
a7sn track f el album 😍😍😍,,,youtube__ZVwhN0agSw,,false,2026-04-03T19:09:09.986864
gamda gydan bgd to7fa 😆😆😆,,,youtube__ZVwhN0agSw,,false,2026-04-03T19:09:09.986864
"shabah seeed awy f el o3'nya de,bs sha3'al",,,youtube__ZVwhN0agSw,,false,2026-04-03T19:09:09.986864
nice fshh5555555555,,,youtube__ZVwhN0agSw,,false,2026-04-03T19:09:09.986864
حبيبى يااشرموفير <3 مكملين,,,youtube__ZVwhN0agSw,,false,2026-04-03T19:09:09.986864
1:19 7alwa,,,youtube__ZVwhN0agSw,,false,2026-04-03T19:09:09.986864
gaaaaaaaaaaaaaaaaaaaaaaaaaaaaaamedddddddddddddddddd fa5,,,youtube__ZVwhN0agSw,,false,2026-04-03T19:09:09.986864
اووووووووووووووو اية ياجماعة انا سماع لحد دلوقتى كل تراك 6 مرات,,,youtube__ZVwhN0agSw,,false,2026-04-03T19:09:10.729933
"aly 3amel dislike da ....... anto ah -_- ............... !!!! 
are you human dude !!!",,,youtube__ZVwhN0agSw,,false,2026-04-03T19:09:10.729933
"أفضل أغنية فى الالبوم :) <3 
سلااامووو عليكووو",,,youtube__ZVwhN0agSw,,false,2026-04-03T19:09:10.729933
3 wad3k ♡♡,,,youtube__ZVwhN0agSw,,false,2026-04-03T19:09:10.729933
3ashhhhhhh ya boob ♥ ♥ ♥,,,youtube__ZVwhN0agSw,,false,2026-04-03T19:09:10.729933
أحببت انسانه بجنون بجنون كانت أول حب بحياتي للان 15 سنه ماقدرت انساها اسمها عهود ذيبان,,,youtube_qk9J1YBKaBg,,false,2026-04-03T19:09:12.796227
مين بسمعها في 2025?,,,youtube_qk9J1YBKaBg,,false,2026-04-03T19:09:12.796227
احد يسمعهه بـ 2025 ؟,,,youtube_qk9J1YBKaBg,,false,2026-04-03T19:09:12.796227
الى حنين اروح 2025,,,youtube_qk9J1YBKaBg,,false,2026-04-03T19:09:12.796227
مين بيسمعها ف 2024,,,youtube_qk9J1YBKaBg,,false,2026-04-03T19:09:12.796227
2025 ولسا بسمعها 😂❤,,,youtube_qk9J1YBKaBg,,false,2026-04-03T19:09:12.797224
اه بس 2024,,,youtube_qk9J1YBKaBg,,false,2026-04-03T19:09:12.797224
كنت نسمعها من 20سنة 😢,,,youtube_qk9J1YBKaBg,,false,2026-04-03T19:09:12.797224
مين هنا 2023😊😂❤❤❤,,,youtube_qk9J1YBKaBg,,false,2026-04-03T19:09:12.797224
"أجمل أيام فاتت اوام .. 
و كأنوا يادوب نظرة و سلام ..
4:44 pm 
💛💙 2019  💙💛",,,youtube_qk9J1YBKaBg,,false,2026-04-03T19:09:13.553706
يلي بسمعها ب2019 يحط لايك,,,youtube_qk9J1YBKaBg,,false,2026-04-03T19:09:13.553706
Bien mocci bravo 👍👍👍👍👍👍🎉🎉🎉🎉🎉🎉🎉❤❤❤❤❤❤❤❤ Rabi fataha 3lik Man hayto latahtasib ❤️❤️❤️❤️🌹🌹🌹🌹🌹🌹👍👍👍👍👍,,,youtube_GXx8-gMzctM,,false,2026-04-03T19:09:14.917788
شكون ف 2026,,,youtube_GXx8-gMzctM,,false,2026-04-03T19:09:14.917788
Shbty sdri Mohamed waji nmchiw m3a 3sas mbritich sfy. Azbi,,,youtube_GXx8-gMzctM,,false,2026-04-03T19:09:14.917788
Mn 2025,,,youtube_GXx8-gMzctM,,false,2026-04-03T19:09:14.917788
Chkoun mn 2025🤔,,,youtube_GXx8-gMzctM,,false,2026-04-03T19:09:14.917788
Ana,,,youtube_GXx8-gMzctM,,false,2026-04-03T19:09:14.917788
Someone 2025,,,youtube_GXx8-gMzctM,,false,2026-04-03T19:09:14.917788
Summer 2025 🎉☀️⛱️,,,youtube_GXx8-gMzctM,,false,2026-04-03T19:09:14.917788
شكون كسمعها في 2025😂,,,youtube_GXx8-gMzctM,,false,2026-04-03T19:09:14.917788
6 8 blati jour❤🎉,,,youtube_GXx8-gMzctM,,false,2026-04-03T19:09:14.917788
مارس 2025,,,youtube_GXx8-gMzctM,,false,2026-04-03T19:09:14.918786
Ana. Jit. Men. 2025😂😂,,,youtube_GXx8-gMzctM,,false,2026-04-03T19:09:14.918786
https://media.tenor.com/9RsYHkzRE0EAAAAM/shock-shocker.gif,,,youtube_GXx8-gMzctM,,false,2026-04-03T19:09:14.918786
12/12/2024 anyone ?❤,,,youtube_GXx8-gMzctM,,false,2026-04-03T19:09:14.918786
Chkoun jay mane 2024 😂😂👍,,,youtube_GXx8-gMzctM,,false,2026-04-03T19:09:14.918786
ahsan wahd kirani ela l7ub❤,,,youtube_GXx8-gMzctM,,false,2026-04-03T19:09:14.918786
From canada ❤,,,youtube_GXx8-gMzctM,,false,2026-04-03T19:09:14.918786
Wmj@@2 hك😅,,,youtube_GXx8-gMzctM,,false,2026-04-03T19:09:15.752760
❤❤❤من أجمل الفنانين ألي تشهرو 2024 كيستاهل❤❤❤,,,youtube_GXx8-gMzctM,,false,2026-04-03T19:09:15.752760
ndiro la fafa bghit an3ref xno hiya hadi,,,youtube_GXx8-gMzctM,,false,2026-04-03T19:09:15.752760
wlah hasdina 3la lahjtna <3 <3 <3,,,youtube_GXx8-gMzctM,,false,2026-04-03T19:09:15.752760
".
.
.😊..w.

.


.w.


😊9...",,,youtube_GXx8-gMzctM,,false,2026-04-03T19:09:15.752760
Anta ya sa7bi top voi.s soprano voi,,,youtube_GXx8-gMzctM,,false,2026-04-03T19:09:15.752760
Chkoun ja men tik tok sanaa Stella,,,youtube_GXx8-gMzctM,,false,2026-04-03T19:09:15.753761
Bdate katched fia had l 2oughnia 😭😭,,,youtube_GXx8-gMzctM,,false,2026-04-03T19:09:15.753761
Kehjdfjfhfjrjjrjrejjejehdjdjejejejejejejdhejejejdjdjddjjfbdjdkeiehjrifyekizozjh2bevuziaoao2737382zjhzjzkzizi1iu1u1u2uizjzjz9ejje😮😂😅🎉😮🎉😮🎉😮😅😂😮😂😢😂😅😂😅😮😮😂😮😂😅😂😅😂😅😢🎉😮😅😂😮😂😮😂😮🎉😢😮😂😮😂😅❤😅😂😮🎉😮🎉😮😂😮😅😂😮😂😮😂😅🎉😅😅😂😮😂😮🎉😮😅🎉😂😮😮😮❤😮❤😅😅😅❤😅❤❤😅😅😂😮🎉❤😅😮❤😢😂😮😂❤😅😂😮😮😂😮❤😅❤😅❤😅🎉😮😂😮😅😅❤😅😂😮🎉😮😂😮❤😮😮😂😮🎉😮😅yeueu37❤u❤ueuueueue73uuej❤jjjdjdjejzje😮eydydu7eueueu8e😅euruueuud😊ejdudududueueu😂jfjej😂nwjdjejduy❤jejsjdj❤❤❤❤j2udjduejdjjdjeuzugd6ebusbdjduzyj2ke8eu4hu3h ejjeuejje ehejueid eurjfjidj3ke 3kekekjeueuueuejhrib3uejieyj😂bejdjdj ejejjr j3u3ii2 52jjzjueh❤jejhddjdjzue zjzuzj j2uejfueuj3ue eujeuzyejzkye ejjeejjeye 2yhzifhuu❤jejdjududheie eudujdiejeurjej❤bejdjdujeudjduri2hd7h6e😢ehdhjdjd😢eyheehdhy❤jdhdhdhudheid😅ejuehe8djkdijein2bdoud😅,,,youtube_GXx8-gMzctM,,false,2026-04-03T19:09:15.753761
😂😂😂😂ana jute min 3anda mimi taka taka o dakchiy😂😂😂😂,,,youtube_GXx8-gMzctM,,false,2026-04-03T19:09:15.753761
Tye best music mocci and 9ortass the best music gg mocci 👍👍👍👍👍,,,youtube_GXx8-gMzctM,,false,2026-04-03T19:09:15.753761
"Dayman 3aycha f bali wakha b3ida
3jebni 7ali m3ak morena
Ma fehmouchi chno kina fi 9albi, Ahah!
Ghir m3ak li t3ellemt lghira
Ra machi darouri tkoun modela
Wakha l7ayat 9sira dayman tsibni fi jenbek
9albi kan 9asse7 m3a ghiro
Tal nhar li fih nti banti
Kount dayman nbeddel numeros
Daba ghir bou7dek ditih
Wakha 9alou fik
Khalass 7abbitek ana
Khalass nti tebghini
Khalass ra yhedro fina
Wana wana wana wana
Ghadi neddik
Chmen ghalat 3melto ana
Wach ghalat t7ebbini
Kolchi ghalat ila nti wana
Wana wana wana wana
Kayna million sabab bach ndiro la casa
Nkemmel 7yati m3ak w ndiro la fafa
Ch7al men 7aja 9ellebt 3liha w fik l9itha
Li binatna ra machi 3adi
Dik de7ka ra bezzaf 7ebbitha
Wellat a3az 7aja 3endi
Oh no no! Zine chafni tbeddel lounou
Wella 3endi number uno
Nhar jat 3ayni f 3youno
3youno, 3youno, 3youno
Wakha 9alou fik
Khalass 7abbitek ana
Khalass nti tebghini
Khalass ra yhedro fina
Wana wana wana wana
Ghadi neddik
Chmen ghalat 3melto ana
Wach ghalat t7ebbini
Kolchi ghalat ila nti wana
Wana wana wana wana
T9ol galbi 7ebbek, ghir décide ma t9oulihach
Ki ndir m3ak, nti tnervini, ma 3reft 3lach
3arfek tghiri 3lya wana nghir 3lik
Wakha ga3 ma nbiyen lik
Ya jenniya 3ejbouni 3aynik
Tu es magnifique, nti 3endi unique
Zine sympa, zine ndiha men darhom a bba
Sayssi
Ntiya harba, yfer7o darna w darkom chabba
Blati blati blati
Zine sympa, zine ndiha men darhom a bba
Sayssi
Ntiya harba, yfer7o darna w darkom chabba
Wakha 9alou fik
Khalass 7abbitek ana
Khalass nti tebghini
Khalass ra yhedro fina
Wana wana wana wana
Ghadi neddik
Chmen ghalat 3melto ana
Wach ghalat t7ebbini
Kolchi ghalat ila nti wana
Wana wana wana wana",,,youtube_GXx8-gMzctM,,false,2026-04-03T19:09:15.753761
🔥❤ 1:46 1:48 afdal part 😂,,,youtube_GXx8-gMzctM,,false,2026-04-03T19:09:16.565569
2023 انا باقى هنا الأغني كتحمق تحيتي ليك من المغرب الأغنية واعرة😊😊❤,,,youtube_GXx8-gMzctM,,false,2026-04-03T19:09:16.565569
Nta Kadir mosi9a kHOYa,,,youtube_GXx8-gMzctM,,false,2026-04-03T19:09:16.565569
Kansma3elou ana WE merati dima,,,youtube_GXx8-gMzctM,,false,2026-04-03T19:09:16.565569
"7louwa ,awel mara nasma3ha👍",,,youtube_GXx8-gMzctM,,false,2026-04-03T19:09:16.565569
شكون باقي تسمع فا 2023,,,youtube_GXx8-gMzctM,,false,2026-04-03T19:09:16.565569
maf5ara l 3raychiyen sawt maaachaaalah kay7ama9 estilo unico dyalek bo7dek whada lmetmiyez fik ya rebi ysahal 3lik nta number 1 d maghreb,,,youtube_GXx8-gMzctM,,false,2026-04-03T19:09:16.565569
Repeat on 2023,,,youtube_GXx8-gMzctM,,false,2026-04-03T19:09:16.565569
Wa3ra bzaaaaaaaafffffff,,,youtube_GXx8-gMzctM,,false,2026-04-03T19:09:16.565569
Il me fait penser à l’artiste 😮ta9riban nafs la voix ❤,,,youtube_GXx8-gMzctM,,false,2026-04-03T19:09:17.358786
Nchlh y'a Rbi yla9ina b wild hlal 🇩🇿🇩🇿🇩🇿🇩🇿🇩🇿,,,youtube_GXx8-gMzctM,,false,2026-04-03T19:09:17.358786
2022/2023 😍 وباقي عنزيد نسمع لولد بلادي 🇲🇦 ديما لاراتشي 👍,,,youtube_GXx8-gMzctM,,false,2026-04-03T19:09:17.358786
"Dayman 3aycha f bali wakha b3ida
3jebni 7ali m3ak morena
Ma fehmouchi chno kina fi 9albi, Ahah!
Ghir m3ak li t3ellemt lghira
Ra machi darouri tkoun modela
Wakha l7ayat 9sira dayman tsibni fi jenbek
9albi kan 9asse7 m3a ghiro
Tal nhar li fih nti banti
Kount dayman nbeddel numeros
Daba ghir bou7dek ditih

Wakha 9alou fik
Khalass 7abbitek ana
Khalass nti tebghini
Khalass ra yhedro fina
Wana wana wana wana
Ghadi neddik
Chmen ghalat 3melto ana
Wach ghalat t7ebbini
Kolchi ghalat ila nti wana
Wana wana wana wana

Kayna million sabab bach ndiro la casa
Nkemmel 7yati m3ak w ndiro la fafa
Ch7al men 7aja 9ellebt 3liha w fik l9itha
Li binatna ra machi 3adi
Dik de7ka ra bezzaf 7ebbitha
Wellat a3az 7aja 3endi
Oh no no! Zine chafni tbeddel lounou
Wella 3endi number uno
Nhar jat 3ayni f 3youno
3youno, 3youno, 3youno

Wakha 9alou fik
Khalass 7abbitek ana
Khalass nti tebghini
Khalass ra yhedro fina
Wana wana wana wana
Ghadi neddik
Chmen ghalat 3melto ana
Wach ghalat t7ebbini
Kolchi ghalat ila nti wana
Wana wana wana wana

T9ol galbi 7ebbek, ghir décide ma t9oulihach
Ki ndir m3ak, nti tnervini, ma 3reft 3lach
3arfek tghiri 3lya wana nghir 3lik
Wakha ga3 ma nbiyen lik
Ya jenniya 3ejbouni 3aynik
Tu es magnifique, nti 3endi unique
Zine sympa, zine ndiha men darhom a bba
Sayssi
Ntiya harba, yfer7o darna w darkom chabba
Blati blati blati
Zine sympa, zine ndiha men darhom a bba
Sayssi
Ntiya harba, yfer7o darna w darkom chabba

Wakha 9alou fik
Khalass 7abbitek ana
Khalass nti tebghini
Khalass ra yhedro fina
Wana wana wana wana
Ghadi neddik
Chmen ghalat 3melto ana
Wach ghalat t7ebbini
Kolchi ghalat ila nti wana
Wana wana wana wana",,,youtube_GXx8-gMzctM,,false,2026-04-03T19:09:17.358786
Kat7ama9ni had ghonia .good job👍,,,youtube_GXx8-gMzctM,,false,2026-04-03T19:09:17.358786
"Oh my god ❤I learned this ""khaless habetek ana '' which means..finally I love you hhhh ❤so much love from canada 🇨🇦🇲🇦",,,youtube_GXx8-gMzctM,,false,2026-04-03T19:09:17.358786
Dir fit m3a ILY,,,youtube_GXx8-gMzctM,,false,2026-04-03T19:09:17.358786
N7ebbek ya far5a,,,youtube_GXx8-gMzctM,,false,2026-04-03T19:09:18.142284
Inaho libda33 $$$,,,youtube_GXx8-gMzctM,,false,2026-04-03T19:09:18.142284
Nass rab7in flouss 3la dharna laymsakh wld klb 🗣,,,youtube_GXx8-gMzctM,,false,2026-04-03T19:09:18.142284
Topp tbarkhalah 3lik blani bik weld khali 😍👌👍,,,youtube_GXx8-gMzctM,,false,2026-04-03T19:09:18.142284
Zwamel ma3andixi m3ahom,,,youtube_GXx8-gMzctM,,false,2026-04-03T19:09:18.142284
Chkoun 2022? Hh,,,youtube_GXx8-gMzctM,,false,2026-04-03T19:09:18.142284
Wakha 9alo fik 5alas habitk ana 😫❤️,,,youtube_GXx8-gMzctM,,false,2026-04-03T19:09:18.142284
0:40 katkal3azz hhhhhhhhhhh,,,youtube_GXx8-gMzctM,,false,2026-04-03T19:09:18.142284
chkoun chaf had lclip heroina rah msewer flmghib had chi bezaaaf 😯😆https://www.youtube.com/watch?v=voo8F51vYpw,,,youtube_GXx8-gMzctM,,false,2026-04-03T19:09:18.142284
"Parole phonétique.

Dayman 3aycha f bali wakha b3ida
3jebni 7ali m3ak morena
Ma fehmouchi chno kina fi 9albi, Ahah!
Ghir m3ak li t3ellemt lghira
Ra machi darouri tkoun modela
Wakha l7ayat 9sira dayman tsibni fi jenbek
9albi kan 9asse7 m3a ghiro
Tal nhar li fih nti banti
Kount dayman nbeddel numeros
Daba ghir bou7dek ditih
Wakha 9alou fik
Khalass 7abbitek ana
Khalass nti tebghini
Khalass ra yhedro fina
Wana wana wana wana
Ghadi neddik
Chmen ghalat 3melto ana
Wach ghalat t7ebbini
Kolchi ghalat ila nti wana
Wana wana wana wana
Kayna million sabab bach ndiro la casa
Nkemmel 7yati m3ak w ndiro la fafa
Ch7al men 7aja 9ellebt 3liha w fik l9itha
Li binatna ra machi 3adi
Dik de7ka ra bezzaf 7ebbitha
Wellat a3az 7aja 3endi
Oh no no! Zine chafni tbeddel lounou
Wella 3endi number uno
Nhar jat 3ayni f 3youno
3youno, 3youno, 3youno
Wakha 9alou fik
Khalass 7abbitek ana
Khalass nti tebghini
Khalass ra yhedro fina
Wana wana wana wana
Ghadi neddik
Chmen ghalat 3melto ana
Wach ghalat t7ebbini
Kolchi ghalat ila nti wana
Wana wana wana wana
T9ol galbi 7ebbek, ghir décide ma t9oulihach
Ki ndir m3ak, nti tnervini, ma 3reft 3lach
3arfek tghiri 3lya wana nghir 3lik
Wakha ga3 ma nbiyen lik
Ya jenniya 3ejbouni 3aynik
Tu es magnifique, nti 3endi unique
Zine sympa, zine ndiha men darhom a bba
Sayssi
Ntiya harba, yfer7o darna w darkom chabba
Blati blati blati
Zine sympa, zine ndiha men darhom a bba
Sayssi
Ntiya harba, yfer7o darna w darkom chabba
Wakha 9alou fik
Khalass 7abbitek ana
Khalass nti tebghini
Khalass ra yhedro fina
Wana wana wana wana
Ghadi neddik
Chmen ghalat 3melto ana
Wach ghalat t7ebbini
Kolchi ghalat ila nti wana
Wana wana wana wana",,,youtube_GXx8-gMzctM,,false,2026-04-03T19:09:18.142284
Khay lehbib desko m9awed!! Weld blad,,,youtube_GXx8-gMzctM,,false,2026-04-03T19:09:18.142284
Khay dialy hada disco ............. flow maaa3art mezekna bhad la melodie ham9a ... betawfi9 sema3to f larache .. wa dima kantsanat lih .. sans commentaire track tebarkellah mazal remix 3tih ha9o,,,youtube_GXx8-gMzctM,,false,2026-04-03T19:09:18.142284
Tbarkallah 3lak khouya,,,youtube_GXx8-gMzctM,,false,2026-04-03T19:09:18.142284
"Nice music , j ete decouvert 3ande l acteur marocain yassine nero 👍👍👍👍",,,youtube_GXx8-gMzctM,,false,2026-04-03T19:09:19.029862
"Salam khoyi , 7echoma wellah 19 million vue , yallahe 655 k abonner 7echoma wellahe",,,youtube_GXx8-gMzctM,,false,2026-04-03T19:09:19.029862
"Je chante et je dance sur cette chanson moi et mon petit med amine de 21 mois, je prie mon Dieu de me donner une longue vie pour rester avec mon ange 😍
#breast_cancer_warrior
20/05/2022",,,youtube_GXx8-gMzctM,,false,2026-04-03T19:09:19.029862
L3raychyy,,,youtube_GXx8-gMzctM,,false,2026-04-03T19:09:19.029862
موسي ما شالله عليه غادي إيقاع حساس رومانسي طوب لازمنا نساندوه باش يخرج ومازال عندو ما يقول mocci khallas mocci 9ortas المهم هو هذا القنديل المليء بأنوار الغناء الراقي لازمنا خوتي المغاربة المساندة والدعم باش يبقى شاعل وغادي نقولك إنت معلم-:),,,youtube_GXx8-gMzctM,,false,2026-04-03T19:09:19.798118
chkon ja man lhabs kant kanasma3ha f lhabs Belgique  radio  2m hahahhahah,,,youtube_GXx8-gMzctM,,false,2026-04-03T19:09:19.798118
"Radi neddik wach men ghalat dertou ana ,wash ghalat thabbini .nono zine chafni tbeddal louno 💔",,,youtube_GXx8-gMzctM,,false,2026-04-03T19:09:19.799118
Ana jazairia wnbghi mgharba tahiyeti likol lmgharba 🇩🇿❤️🇲🇦,,,youtube_GXx8-gMzctM,,false,2026-04-03T19:09:19.799118
3 rules for 2022 good vibes good memories and good relationships,,,youtube_GXx8-gMzctM,,false,2026-04-03T19:09:19.799118
U know u only got 17 mil cuz fun vibez u have with this girl keep up the good good memories good vibes and good relationship x,,,youtube_GXx8-gMzctM,,false,2026-04-03T19:09:19.799118
Nty magnifique nty 3ndi unique 😂❤️,,,youtube_GXx8-gMzctM,,false,2026-04-03T19:09:19.799118
CHOUFOU HAD EL ARTIST WA3ER MOKASSI AVEC CHANSON ALACHE https://youtu.be/YYTQE6ut4nQ,,,youtube_GXx8-gMzctM,,false,2026-04-03T19:09:19.799118
CHOUFOU HAD EL ARTIST WA3ER MOKASSI AVEC CHANSON ALACHE https://youtu.be/YYTQE6ut4nQ,,,youtube_GXx8-gMzctM,,false,2026-04-03T19:09:19.799118
Top  2021,,,youtube_GXx8-gMzctM,,false,2026-04-03T19:09:19.799118
"Dayman 3aycha f bali wakha b3ida
3jebni 7ali m3ak morena
Ma fehmouchi chno kina fi 9albi, Ahah!
Ghir m3ak li t3ellemt lghira
Ra machi darouri tkoun modela
Wakha l7ayat 9sira dayman tsibni fi jenbek
9albi kan 9asse7 m3a ghiro
Tal nhar li fih nti banti
Kount dayman nbeddel numeros
Daba ghir bou7dek ditih
Wakha 9alou fik
Khalass 7abbitek ana
Khalass nti tebghini
Khalass ra yhedro fina
Wana wana wana wana
Ghadi neddik
Chmen ghalat 3melto ana
Wach ghalat t7ebbini
Kolchi ghalat ila nti wana
Wana wana wana wana
Kayna million sabab bach ndiro la casa
Nkemmel 7yati m3ak w ndiro la fafa
Ch7al men 7aja 9ellebt 3liha w fik l9itha
Li binatna ra machi 3adi
Dik de7ka ra bezzaf 7ebbitha
Wellat a3az 7aja 3endi
Oh no no! Zine chafni tbeddel lounou
Wella 3endi number uno
Nhar jat 3ayni f 3youno
3youno, 3youno, 3youno
Wakha 9alou fik
Khalass 7abbitek ana
Khalass nti tebghini
Khalass ra yhedro fina
Wana wana wana wana
Ghadi neddik
Chmen ghalat 3melto ana
Wach ghalat t7ebbini
Kolchi ghalat ila nti wana
Wana wana wana wana
T9ol galbi 7ebbek, ghir décide ma t9oulihach
Ki ndir m3ak, nti tnervini, ma 3reft 3lach
3arfek tghiri 3lya wana nghir 3lik
Wakha ga3 ma nbiyen lik
Ya jenniya 3ejbouni 3aynik
Tu es magnifique, nti 3endi unique
Zine sympa, zine ndiha men darhom a bba
Sayssi
Ntiya harba, yfer7o darna w darkom chabba
Blati blati blati
Zine sympa, zine ndiha men darhom a bba
Sayssi
Ntiya harba, yfer7o darna w darkom chabba
Wakha 9alou fik
Khalass 7abbitek ana
Khalass nti tebghini
Khalass ra yhedro fina
Wana wana wana wana
Ghadi neddik
Chmen ghalat 3melto ana
Wach ghalat t7ebbini
Kolchi ghalat ila nti wana
Wana wana wana wana",,,youtube_GXx8-gMzctM,,false,2026-04-03T19:09:20.520146
𝑎7𝑙𝑎 𝑚𝑜𝑔ℎ𝑛𝑖 𝑓 𝑙𝑚𝑔ℎ𝑟𝑖𝑏 🥰🥰🥰,,,youtube_GXx8-gMzctM,,false,2026-04-03T19:09:20.520146
1:37 good hhhhhh,,,youtube_GXx8-gMzctM,,false,2026-04-03T19:09:20.520146
"Finma ngoul rakanbghik a wld 3ami kikhedmo lmjamr ,ana ra kanbghik wakha ikhadmo lmjamr,kanmout 3lik al 3mr",,,youtube_GXx8-gMzctM,,false,2026-04-03T19:09:20.520146
Khallas habitq ana😍,,,youtube_GXx8-gMzctM,,false,2026-04-03T19:09:20.520146
Khalas habitek ana,,,youtube_GXx8-gMzctM,,false,2026-04-03T19:09:21.280695
khoya mocci 9hartini baghyin ljadid t3atalti ghayabti khoya chi 7aja tkon top,,,youtube_GXx8-gMzctM,,false,2026-04-03T19:09:21.280695
khalasse habitk ana 🙂💖😍,,,youtube_GXx8-gMzctM,,false,2026-04-03T19:09:21.280695
Jalas habite Ana dima love te deseo suerte hermano,,,youtube_GXx8-gMzctM,,false,2026-04-03T19:09:21.981227
la maymkanch ce n est pas mon stile mais 3jabatni had chanson bezaaaaaf 👍👍👍👍👍👍👍👍👍,,,youtube_GXx8-gMzctM,,false,2026-04-03T19:09:21.981227
"أروع صوت أغنية sid el juge🥰🥰
👇👇👇👇👇👏👏👇👏
https://youtu.be/OnSTgh64zU4",,,youtube_GXx8-gMzctM,,false,2026-04-03T19:09:21.981227
"https://youtube.com/shorts/sccMLEFNMTI?feature=share
statut Whatsapp ❤️💖 🥰 Mocci 2022",,,youtube_GXx8-gMzctM,,false,2026-04-03T19:09:21.981227
https://youtu.be/NXCFQIhS7CA,,,youtube_GXx8-gMzctM,,false,2026-04-03T19:09:22.682198
https://youtu.be/FFd0M7K0IXE,,,youtube_GXx8-gMzctM,,false,2026-04-03T19:09:22.682198
"25/12/2021
 00:23 
شدني الحماق على هاد ديسك نشطح عليه",,,youtube_GXx8-gMzctM,,false,2026-04-03T19:09:24.711570
Ahsna haja sem3tha top  a5oya welh,,,youtube_GXx8-gMzctM,,false,2026-04-03T19:09:24.711570
Yeppp top of 2021👏👏👏,,,youtube_GXx8-gMzctM,,false,2026-04-03T19:09:25.412508
"[Paroles de Mocci ""Khalass""]

[Couplet 1]
Dayman 3aycha f bali wakha b3ida
3jebni 7ali m3ak morena
Ma fehmouchi chno kayen fi 9albi, Ahah!
Ghir m3ak li t3ellemt lghira
Ra machi darouri tkoun modela
Wakha l7ayat 9sira dayman tsibni fi jenbek
9albi kan 9asse7 m3a ghiro
Tal nhar li fih banti
Kount dayman nbeddel numeros
Daba ghir bou7dek ditih

[Refrain]
Wakha 9alou fik, khalass 7abbitek ana
Khalass nti tebghini, khalass ra yhedro fik
Wana wana wana wana
Ghadi neddik, chmen ghalat 3melto ana
Wach ghalat t7ebbini, kolchi ghalat ila nti wana
Wana wana wana wana

[Couplet 2]
Kayen million sabab bach ndiro la casa
Nkemmel 7yati m3ak w ndiro la fafa
Ch7al men 7aja 9ellebt 3liha w fik l9itha
Li binatna ra machi 3adi
Dik de7ka ra bezzaf 7ebbitha
Wellat a3az 7aja 3endi
Oh no no! Zine chafni tbeddel lounou
Wella 3endi number uno
Nhar jat 3ayni f 3youno
3youno, 3youno, 3youno


Sub Urban “PARAMOUR (feat. AURORA)' Official Lyrics & Meaning | Verified
Sub Urban “PARAMOUR (feat. AURORA)' Official Lyrics & Meaning | VerifiedZack Fox “fafo” Official Lyrics & Meaning | VerifiedAshnikko “Panic Attacks in Paradise” Official Lyrics & Meaning | VerifiedAminé “Charmander” Official Lyrics & Meaning | Verified

[Refrain]
Wakha 9alou fik, khalass 7abbitek ana
Khalass nti tebghini, khalass ra yhedro fik
Wana wana wana wana
Ghadi neddik, chmеn ghalat 3melto ana
Wach ghalat t7ebbini, kolchi ghalat ila nti wana
Wana wana wana wana

[Pont]
T9ol galbi 7ebbеk, ghir décider ma t9oulihach
Ki ndir m3ak, nti tnervini, ma 3reft 3lach
3arfek tghiri 3lya wana nghir 3lik
Wakha ga3 ma nbiyen lik
Ya jenniya 3ejbouni 3aynik
Nti magnifique, nti 3endi unique
Zine sympa, zine ndiha men darhom a bba
Sayssi ... ntiya harba, yfer7o darna w darkom chabba (blati blati)
Zine sympa, zine ndiha men darhom a bba
Sayssi ... ntiya harba, yfer7o darna w darkom chabba

[Refrain]
Wakha 9alou fik, khalass 7abbitek ana
Khalass nti tebghini, khalass ra yhedro fik
Wana wana wana wana
Ghadi neddik, chmen ghalat 3melto ana
Wach ghalat t7ebbini, kolchi ghalat ila nti wana
Wana wana wana wana",,,youtube_GXx8-gMzctM,,false,2026-04-03T19:09:26.085644
Chto l fananin good song bro😵😎✨,,,youtube_GXx8-gMzctM,,false,2026-04-03T19:09:26.085644
Nfs rythm nfs music o makanch ma3na,,,youtube_GXx8-gMzctM,,false,2026-04-03T19:09:26.794696
13m😳❤️❤️❤️❤️❤️👑,,,youtube_GXx8-gMzctM,,false,2026-04-03T19:09:26.794696
23a,,,youtube_GXx8-gMzctM,,false,2026-04-03T19:09:28.912812
https://youtu.be/6kkiDOpVasY,,,youtube_GXx8-gMzctM,,false,2026-04-03T19:09:33.101929
Khalas habiteQ Ana🥵🇲🇦🇩🇿🇹🇳❤️‍🔥❤️‍🔥,,,youtube_GXx8-gMzctM,,false,2026-04-03T19:09:33.101929
نديرو لفافا 1:26 وش معناها,,,youtube_GXx8-gMzctM,,false,2026-04-03T19:09:33.101929
https://youtu.be/hBXtf2bDa4c,,,youtube_GXx8-gMzctM,,false,2026-04-03T19:09:34.488734
https://youtube.com/watch?v=_v0X7OhdWe4&feature=share,,,youtube_GXx8-gMzctM,,false,2026-04-03T19:09:34.488734
3ikedk😅💓😅💙😚💙😚💚😚😆😚😉😏😆😏💚❣💙❣💙❣💙😉😉😇,,,youtube_GXx8-gMzctM,,false,2026-04-03T19:09:44.828982
من بعد 2014 وانت مشطب والله، بعشق اغانيك القديمة لكن دلوقتي انت بتغني باسمك بس لاجل اكل العيش وخلاص,,,youtube_SCdi2CRXGtI,,false,2026-04-03T19:09:46.605398
1:46 انا طول ما انت في دنيتي رايق مية سنه قدام🌹,,,youtube_SCdi2CRXGtI,,false,2026-04-03T19:09:46.605398
مين بيسمعها 2026/ 22 مارس 😢💔,,,youtube_sB7orCHLxBo,,false,2026-04-03T19:09:49.059839
محدش بيسمعها في 2026 ولا اي 😢,,,youtube_sB7orCHLxBo,,false,2026-04-03T19:09:49.060846
مين يسمعها 2026,,,youtube_sB7orCHLxBo,,false,2026-04-03T19:09:49.060846
اخ على الايام بتعدي بسرعة 2007اجمل ايامي عز الشباب,,,youtube_sB7orCHLxBo,,false,2026-04-03T19:09:49.060846
حد هنا في مقتبل نوفمبر 2025 😇,,,youtube_sB7orCHLxBo,,false,2026-04-03T19:09:49.060846
مين بيسمعها فى 2026,,,youtube_sB7orCHLxBo,,false,2026-04-03T19:09:49.060846
اناا من 2025 نصيحه لا تحب 🚬💔👻,,,youtube_sB7orCHLxBo,,false,2026-04-03T19:09:49.060846
انا اسمعها هلق و كتير بتعنيلي 2025.1.9❤💔🫂🥺,,,youtube_sB7orCHLxBo,,false,2026-04-03T19:09:49.060846
مين يسمعها  2025😢,,,youtube_sB7orCHLxBo,,false,2026-04-03T19:09:49.060846
تقريبا احنا جيل ال90  نفس التفكير والحزن والحنين,,,youtube_sB7orCHLxBo,,false,2026-04-03T19:09:49.060846
حب 8سنوات في بلدين مختلفة وفي الاخر يتجوز غيري😢😢😢😢😢😢😢😢,,,youtube_sB7orCHLxBo,,false,2026-04-03T19:09:49.060846
مين يسمعها بل 2025 💔,,,youtube_sB7orCHLxBo,,false,2026-04-03T19:09:49.060846
2025 ONS 🥹🥹💔💔❤️‍🩹❤️‍🩹,,,youtube_sB7orCHLxBo,,false,2026-04-03T19:09:49.060846
مين يسمعها 2025,,,youtube_sB7orCHLxBo,,false,2026-04-03T19:09:49.060846
مين بيسمعها في 2025🎉😔❤️‍🩹,,,youtube_sB7orCHLxBo,,false,2026-04-03T19:09:49.060846
ستعود كما كنت اخي 29/1/2025 😢,,,youtube_sB7orCHLxBo,,false,2026-04-03T19:09:49.060846
مين بيسمعها 2025😂,,,youtube_sB7orCHLxBo,,false,2026-04-03T19:09:49.060846
يااا جماعه مين يسمعها فـ 2025 !!! احسسساس خيالي,,,youtube_sB7orCHLxBo,,false,2026-04-03T19:09:49.060846
منو سامعها  ب2025,,,youtube_sB7orCHLxBo,,false,2026-04-03T19:09:49.060846
أول واحد عام 2025 🎉,,,youtube_sB7orCHLxBo,,false,2026-04-03T19:09:49.060846
اخر 2024بسمعها انا واحدي ولا فيه ناس معيا,,,youtube_sB7orCHLxBo,,false,2026-04-03T19:09:49.879445
منو يسمعها واحنه داخلين على سنه 2025,,,youtube_sB7orCHLxBo,,false,2026-04-03T19:09:49.879445
مين يسمعها واحنا داخلين ع 2025,,,youtube_sB7orCHLxBo,,false,2026-04-03T19:09:49.879445
20.11.2024 مين لهلاء,,,youtube_sB7orCHLxBo,,false,2026-04-03T19:09:49.879445
مين بيسمع الاغنيه دي ف 2024😂❤,,,youtube_sB7orCHLxBo,,false,2026-04-03T19:09:49.879445
"2:00

اجمل ما في الاغنية❤❤",,,youtube_sB7orCHLxBo,,false,2026-04-03T19:09:49.879445
2024 من احسن الاغاني,,,youtube_sB7orCHLxBo,,false,2026-04-03T19:09:49.879445
الله على الذكريات اكتر جيل انظلم جيل ال93 اياااام,,,youtube_sB7orCHLxBo,,false,2026-04-03T19:09:49.879445
1:45 الحته بحس اني عايزه ادغدغ الفون من حلاوتها🙂,,,youtube_sB7orCHLxBo,,false,2026-04-03T19:09:49.879445
"2024
تحيه لكم من هذا التاريخ",,,youtube_sB7orCHLxBo,,false,2026-04-03T19:09:49.879445
مين بسمعها زي 2024 😢,,,youtube_sB7orCHLxBo,,false,2026-04-03T19:09:49.879445
10 / 8 / 2024 إذا سمعتوها بعدي رجعوني,,,youtube_sB7orCHLxBo,,false,2026-04-03T19:09:49.879445
مواليد الالفينات مين بيسمعها ف2024❤,,,youtube_sB7orCHLxBo,,false,2026-04-03T19:09:49.879445
"2024/6/12
س2:12 م",,,youtube_sB7orCHLxBo,,false,2026-04-03T19:09:49.879445
تخيلو بعد صدمة انفصالي من خطيبي الصدمة مخلتنيش اعرف حد تاني 3 سنين بعد ماحسيت نفسي احسن عرفت واحد تاني طلع متجوز وكذب عليا💔 تخيلو كمة الغدر ! ياريت كل من مر من هنا يدعيلي قسما بالله تعبت,,,youtube_sB7orCHLxBo,,false,2026-04-03T19:09:49.879445
منو يسمعها ب 2024 ❤,,,youtube_sB7orCHLxBo,,false,2026-04-03T19:09:49.879445
داسمعها 2024 يوم السبت 6/8,,,youtube_sB7orCHLxBo,,false,2026-04-03T19:09:49.879445
منو جاي يسمعها 2024,,,youtube_sB7orCHLxBo,,false,2026-04-03T19:09:49.879445
2024😭😭😭 اخخ الله يعوضني كل خير يارب الكة الشخص اليعوضني عن كلشي شفته,,,youtube_sB7orCHLxBo,,false,2026-04-03T19:09:49.879445
مين بيسمعها في 2024,,,youtube_sB7orCHLxBo,,false,2026-04-03T19:09:49.879445
انا بسمعها من 2024 وببكي,,,youtube_sB7orCHLxBo,,false,2026-04-03T19:09:49.879445
"Tamer❤❤
2-5-2024 (10:55) 😍😍",,,youtube_sB7orCHLxBo,,false,2026-04-03T19:09:49.879445
منو يسمعها في 2024 تجنن🙇🏻‍♀️💔,,,youtube_sB7orCHLxBo,,false,2026-04-03T19:09:49.879445
مين عم بسمعها 2024😢😅,,,youtube_sB7orCHLxBo,,false,2026-04-03T19:09:49.879445
2024 اين انتممممم,,,youtube_sB7orCHLxBo,,false,2026-04-03T19:09:49.879445
مواليد التسعينات ...من يسمعها 2024❤,,,youtube_sB7orCHLxBo,,false,2026-04-03T19:09:49.879445
مين بيسمعها في 2024,,,youtube_sB7orCHLxBo,,false,2026-04-03T19:09:49.879445
الفين و24  واني اسمعه 😢😢❤😔😔😔😔,,,youtube_sB7orCHLxBo,,false,2026-04-03T19:09:49.879445
Nostalgie 2007😢,,,youtube_sB7orCHLxBo,,false,2026-04-03T19:09:50.697401
مين بيسمعها واحنا في 2024 😢,,,youtube_sB7orCHLxBo,,false,2026-04-03T19:09:50.697401
مين بيسمعها واحنا في 2024 😢,,,youtube_sB7orCHLxBo,,false,2026-04-03T19:09:50.697401
مين بيسمعها واحنا في 2024,,,youtube_sB7orCHLxBo,,false,2026-04-03T19:09:50.697401
2024 ولسه بحبها,,,youtube_sB7orCHLxBo,,false,2026-04-03T19:09:50.697401
وانا بسمهعا في كل وقت كل اغاني تامر بحبو جدا اووووووي ♥️♥️والي بسمهعها في 2824يتفق معايا,,,youtube_sB7orCHLxBo,,false,2026-04-03T19:09:50.697401
😂🎉 مرحبا 441138؟!,,,youtube_sB7orCHLxBo,,false,2026-04-03T19:09:50.697401
مين يسمعه واحنا داخلين 2024,,,youtube_sB7orCHLxBo,,false,2026-04-03T19:09:50.697401
مين بيسمعها واحنا داخلين علي 2024,,,youtube_sB7orCHLxBo,,false,2026-04-03T19:09:50.697401
"أنا
ولو في 20300000",,,youtube_sB7orCHLxBo,,false,2026-04-03T19:09:50.697401
مين بيسمعها ونحنا داخلين عل 2024,,,youtube_sB7orCHLxBo,,false,2026-04-03T19:09:50.697401
يعني خلااص 💔💔..2023/8/10,,,youtube_sB7orCHLxBo,,false,2026-04-03T19:09:51.690757
من غشت 2023,,,youtube_sB7orCHLxBo,,false,2026-04-03T19:09:51.690757
مين بيسمعها في 2023,,,youtube_sB7orCHLxBo,,false,2026-04-03T19:09:51.690757
"3:05
 ٢٠٢٣
ومازال الألم موجود",,,youtube_sB7orCHLxBo,,false,2026-04-03T19:09:51.690757
اه على ذكريات لازلت اسمعها في منتصف 2023,,,youtube_sB7orCHLxBo,,false,2026-04-03T19:09:51.690757
احنا في نص 2023 وللحين اسمعها الاغنية iconic❤❤❤❤,,,youtube_sB7orCHLxBo,,false,2026-04-03T19:09:51.690757
منو يسمعها مثلي  ب 2023😢,,,youtube_sB7orCHLxBo,,false,2026-04-03T19:09:52.533681
العزف رائع يصل إلى القلب من الدقيقه 2.00,,,youtube_sB7orCHLxBo,,false,2026-04-03T19:09:52.533681
"طب قبل ما تمشي خليني ابكي في حضنك شوية....F🥺😭😭
آه...آه خليني ابكي في حضنك شوية...🍂💔😔
09/04/2023💔😞💯",,,youtube_sB7orCHLxBo,,false,2026-04-03T19:09:52.533681
16 سنه مر علي الألبوم ده,,,youtube_sB7orCHLxBo,,false,2026-04-03T19:09:52.533681
✨طب مين معايا ف 2023✨🤔,,,youtube_sB7orCHLxBo,,false,2026-04-03T19:09:52.533681
"مين لسه بيسمعهههااا في 2023؟؟؟؟
16/3/2023 
من أروع وأجمل أغاني تامر 💖💥
اللي للأسف ما اخدتش حقها لحد دلوقتي 😏😏
أنا كل ما بسمعها عيني بتدمع أكني بسمعها لأول مرة 😥😥
فيها كمية شجن وحزن ووجع 💔🥺",,,youtube_sB7orCHLxBo,,false,2026-04-03T19:09:52.533681
مين بيسمع الغنيه في 2023,,,youtube_sB7orCHLxBo,,false,2026-04-03T19:09:52.533681
يااااه إلها 18سنة هالغنية شوكان إلا أيام مين عم يسمعا 2023,,,youtube_sB7orCHLxBo,,false,2026-04-03T19:09:52.533681
بسمعها فى 2023💔🥺,,,youtube_sB7orCHLxBo,,false,2026-04-03T19:09:52.533681
"في وقت نزول الالبوم ده 2006 .. 
كان في مجله منزله صوره تامر كاتبه عالغلاف .. 
( تامر حسني يصدر ألبومه الجديد من خلف القضبان ) 

الخبر في حد زااته كان تريند مكسر الدنيا ✨",,,youtube_sB7orCHLxBo,,false,2026-04-03T19:09:52.533681
منو يسمعها ب 2023 😂🫂,,,youtube_sB7orCHLxBo,,false,2026-04-03T19:09:52.533681
مين بيسمع الاغاني دي. ف 2023 اغاني جميله ❤️,,,youtube_sB7orCHLxBo,,false,2026-04-03T19:09:52.533681
مين بيسمع الأغنية 2023,,,youtube_sB7orCHLxBo,,false,2026-04-03T19:09:52.533681
مين بيسمعها واحنا داخلين علي 2023,,,youtube_sB7orCHLxBo,,false,2026-04-03T19:09:53.335173
رجعت اسمعها من بعد سنين في معها ذكريات بتوجعلي قلبي 2022,,,youtube_sB7orCHLxBo,,false,2026-04-03T19:09:53.335173
مين يسمع لوقتي 2022,,,youtube_sB7orCHLxBo,,false,2026-04-03T19:09:53.335173
الله على ايام 2006,,,youtube_sB7orCHLxBo,,false,2026-04-03T19:09:53.335173
2022 من المغرب رجعت ادور على سنين الحلوة,,,youtube_sB7orCHLxBo,,false,2026-04-03T19:09:54.061264
2022 مين موجود,,,youtube_sB7orCHLxBo,,false,2026-04-03T19:09:54.061264
مين بيسمعها في 2022,,,youtube_sB7orCHLxBo,,false,2026-04-03T19:09:54.061264
2023وينكم😭🤣,,,youtube_sB7orCHLxBo,,false,2026-04-03T19:09:54.061264
مين بيسمع الأغنية دي في 2022 😂❤️,,,youtube_sB7orCHLxBo,,false,2026-04-03T19:09:55.596770
من بيسمعها في 2022,,,youtube_sB7orCHLxBo,,false,2026-04-03T19:09:55.596770
بجي مالتي ماخلص ل 2022💔,,,youtube_sB7orCHLxBo,,false,2026-04-03T19:09:56.316679
2022. وينكم 🙂,,,youtube_sB7orCHLxBo,,false,2026-04-03T19:09:56.316679
"2022
Like",,,youtube_sB7orCHLxBo,,false,2026-04-03T19:09:56.316679
2022 مر من هناا ..,,,youtube_sB7orCHLxBo,,false,2026-04-03T19:09:57.029707
اني بسمعه في 2022,,,youtube_sB7orCHLxBo,,false,2026-04-03T19:09:57.029707
مين يسمع هده الأغنية الجميله في 2022,,,youtube_sB7orCHLxBo,,false,2026-04-03T19:09:57.029707
2022 انسانة مجروحة,,,youtube_sB7orCHLxBo,,false,2026-04-03T19:09:57.029707
مين هنا فى 2022😂❤️❤️,,,youtube_sB7orCHLxBo,,false,2026-04-03T19:09:57.671761
مين بيسمع 2022 ههههههه,,,youtube_sB7orCHLxBo,,false,2026-04-03T19:09:57.671761
الأغنية  من 9 سنين واني هسه يلا سمعتها🙂,,,youtube_sB7orCHLxBo,,false,2026-04-03T19:09:58.936376
27/07/2022  كبرت وانا نسمع فيها,,,youtube_sB7orCHLxBo,,false,2026-04-03T19:09:59.565362
منو الي جاي يسمعها 2023 يااااه على الايام والذكريات كلها من عمرنا وصحتنه... اييي كلشي انتهى وبقى ذكريات وايام من الماضي.. تحياتي 🌹,,,youtube_sB7orCHLxBo,,false,2026-04-03T19:09:59.565362
https://youtu.be/0rV3L7joZEA?si=1Zv6WLpSrxT0tQsX,,,youtube_BKg1zb9dBV8,,false,2026-04-03T19:10:01.442244
"Hopefully back to learning, to the power of the Holy Septuagint. God Yeshua Al Masiah bless us all. Amen Hallelujah maranatha🙏🙏🙏. Much Love From INDONESIA🇮🇩",,,youtube_BKg1zb9dBV8,,false,2026-04-03T19:10:01.442244
مين يسمعا ب2026ومجروح ومقهور,,,youtube_3hUz-T0LfnA,,false,2026-04-03T19:10:02.754792
"‏‪3:38‬‏ 
بعد الغياب حلو العتاب اسمع و تسمعني ،هايهزنا صوت حبنا واكيد هاترجعلي 
دانا قلبي زي مكان بيفكرك بزمان ،لو تديني الامان و كفايا خوف و شكوك❤",,,youtube_3hUz-T0LfnA,,false,2026-04-03T19:10:02.754792
"‏‪2:08‬‏ 
اهون عليك وانا بين ايديك تبعد و تظلمني ، ندمان انا و ازاي بقي من روحي تحرمني 😢💔",,,youtube_3hUz-T0LfnA,,false,2026-04-03T19:10:02.754792
"‏‪ ‏‪0:57‬‏ 
رجعت بأسفي وندمي وشوقي و لهفه قلبي عليك ،غلطت و بعت في بعدك ضيعت سامحني الله يخليك ❤😢",,,youtube_3hUz-T0LfnA,,false,2026-04-03T19:10:02.754792
جيل الثمانيات من هنا 2026😢😢😢❤❤❤,,,youtube_3hUz-T0LfnA,,false,2026-04-03T19:10:02.754792
مين بسمعها ب 2026😢,,,youtube_3hUz-T0LfnA,,false,2026-04-03T19:10:02.754792
30/1/2826من اليمن,,,youtube_3hUz-T0LfnA,,false,2026-04-03T19:10:02.754792
"وصلت لعمر ال33 وعمري ما مليت من الاغنيه 
اغنيه بتوصلك رساله
وهي البنت اللي بتحبك بصدق اوعي تفرط فيها لانك مش هتلاقي زيها تاني",,,youtube_3hUz-T0LfnA,,false,2026-04-03T19:10:02.754792
20_1_2026 منو يسمعها وياي,,,youtube_3hUz-T0LfnA,,false,2026-04-03T19:10:02.754792
"الحلو  باغاني قبل فيها قصة 
2025/1/5",,,youtube_3hUz-T0LfnA,,false,2026-04-03T19:10:02.754792
انا من مواليد 1986الجزائر مزالني نسمعها غير حميد الشاعري  مصطفى قمر محمد فؤاد وغيرهم ياه على الايام ٠تمضي بسرعة 2026,,,youtube_3hUz-T0LfnA,,false,2026-04-03T19:10:02.754792
جيل الثمانينات مين بيسمعها 2026❤❤❤,,,youtube_3hUz-T0LfnA,,false,2026-04-03T19:10:02.754792
❤20/12 /2025 من العراق,,,youtube_3hUz-T0LfnA,,false,2026-04-03T19:10:02.754792
"الاغنية هذي اسمعها للان 2026 لانها تفكرني بحبيب ماحبيت مثله وكان وقتها انا وهو متخاصمين وحطو هالاغنية بالصدفة لانها لساتها جديدة لإيهاب وهو بسرعة عيونو دمعت ومركز عليا وينظر لي وانا خجلت من صحابي لي واقفين مع بعض و ايضا قلبي تقسم من نظرات عيونو الحزينة والمشتاقة وبحكم انا أعرف طبعه فهمت لي هو هداني هالاغنية من بعيد بعيونو المدمعة وكل صحابي اشتلقو عليه وصارو يلوموني 
وبعدها رجعنا لبعض وقلي عالاغنية و كملنا مع بعض وكنا متأملين نكمل حياتنا مع بعض ولكن بعدها رجعنا افترقنا لليوم ومرت سنين وسنين وماعاد اعرف عنه شيء وانا لليوم ما  نسيتو وكبرت بوجع بقلبي 😞",,,youtube_3hUz-T0LfnA,,false,2026-04-03T19:10:02.754792
مين يسمعها 2026💔😴,,,youtube_3hUz-T0LfnA,,false,2026-04-03T19:10:02.754792
14/12/25😢 عنان,,,youtube_3hUz-T0LfnA,,false,2026-04-03T19:10:02.754792
من العراق كنت وقتها جندي في الخدمة الالزامية نهاية التسعينات...ذكريات 😞😞 كبرنا عمري 45....راحت ايام ال18,,,youtube_3hUz-T0LfnA,,false,2026-04-03T19:10:02.754792
J'avais 18 ans je l'écouter beaucoup,,,youtube_3hUz-T0LfnA,,false,2026-04-03T19:10:02.754792
نسمع فيه اليوم 11/10/2025 😢مواليد الثمانيات ❤,,,youtube_3hUz-T0LfnA,,false,2026-04-03T19:10:03.603542
2025 راني وحدي❤❤❤,,,youtube_3hUz-T0LfnA,,false,2026-04-03T19:10:03.603542
2025❤❤❤مين عم يسمعها,,,youtube_3hUz-T0LfnA,,false,2026-04-03T19:10:03.603542
شكلي بسمعها لوحدي في 2025 ولا ايه,,,youtube_3hUz-T0LfnA,,false,2026-04-03T19:10:03.603542
لن يفهمها سوي جيل 80   90,,,youtube_3hUz-T0LfnA,,false,2026-04-03T19:10:03.603542
الشعور بالوحده والخيبه يجبرك ترجع للرجوع الئ الماضي الايام الحلوه تحياتي للجميع وليد رحيم 1985,,,youtube_3hUz-T0LfnA,,false,2026-04-03T19:10:03.603542
جاية من المستقبل 2025   8/29,,,youtube_3hUz-T0LfnA,,false,2026-04-03T19:10:03.603542
"اجمل ايام العمر 
في حد بيسمعها زيي 27/8/2025",,,youtube_3hUz-T0LfnA,,false,2026-04-03T19:10:03.603542
من بيسمعها في 2025 .. ايام الزمن الجميل,,,youtube_3hUz-T0LfnA,,false,2026-04-03T19:10:03.603542
جيل الثمانيات لسه بيسمعوها ❤2025,,,youtube_3hUz-T0LfnA,,false,2026-04-03T19:10:04.409766
"اصبر ياقلبي..بكرى الله يعوض علينا😅😅😅
الي 50سنة صابر..ماشفتش الا الخيانة  و حب الفلوس...😅😅ممكن في دار الاخرة",,,youtube_3hUz-T0LfnA,,false,2026-04-03T19:10:04.409766
منو بسمعها 2025 الله شوكت انجح وادخل كليه,,,youtube_3hUz-T0LfnA,,false,2026-04-03T19:10:04.409766
هل يوجد احد في 2025 ام الاغنيه انتهت,,,youtube_3hUz-T0LfnA,,false,2026-04-03T19:10:04.409766
2025 جزائرية مرت من هنا,,,youtube_3hUz-T0LfnA,,false,2026-04-03T19:10:04.409766
مين جاي ف2025😢,,,youtube_3hUz-T0LfnA,,false,2026-04-03T19:10:04.409766
من القادم من  إعلان كارت البنك 😂 .. تحية من الجزائر ..2025,,,youtube_3hUz-T0LfnA,,false,2026-04-03T19:10:04.409766
مين معايا 2025,,,youtube_3hUz-T0LfnA,,false,2026-04-03T19:10:04.409766
من 2026 اسمعها ❤,,,youtube_3hUz-T0LfnA,,false,2026-04-03T19:10:04.409766
أنا بسمعها انهارده 14/6/2025,,,youtube_3hUz-T0LfnA,,false,2026-04-03T19:10:04.409766
2030 معاك,,,youtube_3hUz-T0LfnA,,false,2026-04-03T19:10:04.409766
ال بيسمعها 2/6/2025 يدوس لايك ❤❤❤❤❤❤,,,youtube_3hUz-T0LfnA,,false,2026-04-03T19:10:04.409766
"22مايو 2025
اشتقت اسمع أداء متكامل
كلمات
صوت
موسيقي
❤❤",,,youtube_3hUz-T0LfnA,,false,2026-04-03T19:10:05.226798
"كلشي يعَدي بَس بُبقى أثر   .✨

2025/5/20مايو في الساعه 4:12م",,,youtube_3hUz-T0LfnA,,false,2026-04-03T19:10:05.227804
"حسن / هديل 
كانو هنا 
19/5/2025",,,youtube_3hUz-T0LfnA,,false,2026-04-03T19:10:05.227804
شكون جا 2025,,,youtube_3hUz-T0LfnA,,false,2026-04-03T19:10:05.227804
ezzey teouli ekhtar bin el be3ed wennarrrr........,,,youtube_3hUz-T0LfnA,,false,2026-04-03T19:10:05.227804
جيل التسعينات اين انتم 😥❤️ 2025,,,youtube_3hUz-T0LfnA,,false,2026-04-03T19:10:05.227804
مين بيسمعها في 2025,,,youtube_3hUz-T0LfnA,,false,2026-04-03T19:10:05.227804
كنت اسمعها واني عادني متزوجت والان اسمعها واني متزوجه لي5سنوات ومعي بنوته عمره سنتين,,,youtube_3hUz-T0LfnA,,false,2026-04-03T19:10:05.227804
8 فيفري 2025❤😂,,,youtube_3hUz-T0LfnA,,false,2026-04-03T19:10:06.047970
في 25 ولازلنا نتذكر ايام الزمن الجميل,,,youtube_3hUz-T0LfnA,,false,2026-04-03T19:10:06.047970
31 janvier 2025 ❤,,,youtube_3hUz-T0LfnA,,false,2026-04-03T19:10:06.047970
24 يناير 2025 💔,,,youtube_3hUz-T0LfnA,,false,2026-04-03T19:10:06.047970
مين بسمع 2025😂,,,youtube_3hUz-T0LfnA,,false,2026-04-03T19:10:06.863113
مين موجود هنا في 2025,,,youtube_3hUz-T0LfnA,,false,2026-04-03T19:10:06.863113
جيل التسعينات أين انتم ❤❤ 2025,,,youtube_3hUz-T0LfnA,,false,2026-04-03T19:10:06.863113
مين يسمعها باول 2025,,,youtube_3hUz-T0LfnA,,false,2026-04-03T19:10:06.863113
"انا حبيت اتذكر حياتي ذهبت بلا عوده نقول ارح قلوبنا يارب 
.. اتيت في بدايتها لسنه 2025😢❤🌹🌹🌹",,,youtube_3hUz-T0LfnA,,false,2026-04-03T19:10:06.864112
من يسمعها 2025❤❤,,,youtube_3hUz-T0LfnA,,false,2026-04-03T19:10:06.864112
مين بيسمعها ف 2025😢🖤✨,,,youtube_3hUz-T0LfnA,,false,2026-04-03T19:10:06.864112
منو ديسمعها بشهر 12 من سنة 2024,,,youtube_3hUz-T0LfnA,,false,2026-04-03T19:10:06.864112
شكون جا في 24 ديسمبر ❤❤❤❤❤,,,youtube_3hUz-T0LfnA,,false,2026-04-03T19:10:07.638015
منو يسمعها بتاريخ 7/12/2024 من بغداد احييكم,,,youtube_3hUz-T0LfnA,,false,2026-04-03T19:10:07.638015
2024ياحصراه فات زمن روعة,,,youtube_3hUz-T0LfnA,,false,2026-04-03T19:10:07.638015
صيف 2000😢😢😢😢😢,,,youtube_3hUz-T0LfnA,,false,2026-04-03T19:10:07.638015
كان عندك 23سنه وانا بسمعها الأغنيه. ديه وكنت بحب أول مرة في حياتك وبعدين سافرت في بلاد الغربه وجريت الايام والسنين في البحث عنك الحياه الأفضل ويعدين في اخورك الرحاله عرفتك ان الافضل هو الأنا كنت فيا مش زمانك ويرجع بيا الزمان ماكنتش فكرتك في السفر ابدان نصيحه لكل واحد يفكر في السافر أوي اوي االحياه مع أهلك وأصحابك حاجه تانيه خلاص عيشي حياتك زي ماهي,,,youtube_3hUz-T0LfnA,,false,2026-04-03T19:10:08.505505
No no no mshmesaam7 shokran 👌.,,,youtube_3hUz-T0LfnA,,false,2026-04-03T19:10:08.505505
من المغرب يسمعها في 2024,,,youtube_3hUz-T0LfnA,,false,2026-04-03T19:10:08.505505
كل ما اسمعها احس بحنين الى الماضي جيل 88,,,youtube_3hUz-T0LfnA,,false,2026-04-03T19:10:08.505505
✨جاي من طرف كلام من لهب✨ 1:48,,,youtube_3hUz-T0LfnA,,false,2026-04-03T19:10:08.505505
اختكم من عراق ردو عليه كل ماااختنك احب اسمع صوت 😢😢😢 ‏‪2:35‬‏,,,youtube_3hUz-T0LfnA,,false,2026-04-03T19:10:08.505505
نسمعها في 24/10/2024❤,,,youtube_3hUz-T0LfnA,,false,2026-04-03T19:10:08.505505
ليش جاي اسمع هاي الاغاني هسه شنو الي صار بيه ما ادري واني مواليد 94,,,youtube_3hUz-T0LfnA,,false,2026-04-03T19:10:08.505505
Yahya a lmafia tounsia elbhima😂,,,youtube_3hUz-T0LfnA,,false,2026-04-03T19:10:08.505505
مين بسمعها ب 2024❤,,,youtube_3hUz-T0LfnA,,false,2026-04-03T19:10:08.505505
11/10/2024 شكوم مزال كيسمع ليها,,,youtube_3hUz-T0LfnA,,false,2026-04-03T19:10:08.505505
عمري أكثر من 48سنه توا رجعت الي 2002,,,youtube_3hUz-T0LfnA,,false,2026-04-03T19:10:08.505505
انا  جيل 96😢 وعندي حنين الماضي,,,youtube_3hUz-T0LfnA,,false,2026-04-03T19:10:09.269790
زكره الجمله  زمان الجميلة 2024❤,,,youtube_3hUz-T0LfnA,,false,2026-04-03T19:10:09.269790
"2000

هاي كواليتي الجزء السابع",,,youtube_3hUz-T0LfnA,,false,2026-04-03T19:10:09.269790
يلي عمرنا 35 تعالوا مع بعضينا نعيط شوية,,,youtube_3hUz-T0LfnA,,false,2026-04-03T19:10:09.269790
2024 هلق بسمعها,,,youtube_3hUz-T0LfnA,,false,2026-04-03T19:10:10.036871
سبتمبر 2024,,,youtube_3hUz-T0LfnA,,false,2026-04-03T19:10:12.905304
انا من تونس مولدي  86,,,youtube_3hUz-T0LfnA,,false,2026-04-03T19:10:13.722696
حد بيسمعها في 2025,,,youtube_3hUz-T0LfnA,,false,2026-04-03T19:10:14.438874
الي جاي من 2024 يجي جنبي❤❤❤❤❤❤❤❤🎉😢,,,youtube_3hUz-T0LfnA,,false,2026-04-03T19:10:14.438874
أسمعها ف 2024,,,youtube_3hUz-T0LfnA,,false,2026-04-03T19:10:15.263958
بسمعها لوحدي في 2024 ولا ايه,,,youtube_3hUz-T0LfnA,,false,2026-04-03T19:10:15.263958
اليوم 19/8/2024 سامحني خلاص آه❤,,,youtube_3hUz-T0LfnA,,false,2026-04-03T19:10:15.263958
كلية الهندسة جامعة صنعاء دفعة 2005,,,youtube_3hUz-T0LfnA,,false,2026-04-03T19:10:15.263958
مين بيسمعها ف 2024,,,youtube_3hUz-T0LfnA,,false,2026-04-03T19:10:15.263958
بتحس بكريزة شوق تصيبك من تحت لفوق ما فيك تسيطر على حالك لزم تشوفو تتروق 💔29/07/2024,,,youtube_3hUz-T0LfnA,,false,2026-04-03T19:10:16.078716
"كانت تنعرض على قناة الشباب ب2001
كان عمري7 الآن على اعتاب الثلاثين
2024/7/27",,,youtube_3hUz-T0LfnA,,false,2026-04-03T19:10:16.078716
2024مين يسمعها,,,youtube_3hUz-T0LfnA,,false,2026-04-03T19:10:16.078716
"2024جولية 25,من تونس",,,youtube_3hUz-T0LfnA,,false,2026-04-03T19:10:16.792972
ايام لن تتكرر😢😢 15.07.2024,,,youtube_3hUz-T0LfnA,,false,2026-04-03T19:10:17.612324
2024 اجمل الزكريات واجمل جيل جيل 80 و90,,,youtube_3hUz-T0LfnA,,false,2026-04-03T19:10:21.195420
زمن جميل كان كل شي جميل مع مشاعر طيبه وبسيطه 8/6/2024 استماع من جديد,,,youtube_3hUz-T0LfnA,,false,2026-04-03T19:10:21.912247
اخ يا وجع القلب 2024,,,youtube_3hUz-T0LfnA,,false,2026-04-03T19:10:23.208253
اللي جاي يسمعها في 2024 يصف هنا 😅❤,,,youtube_3hUz-T0LfnA,,false,2026-04-03T19:10:23.863285
منو الي ديسمعها بسنه 2024 םـنٰ العراق العظيم 😊,,,youtube_3hUz-T0LfnA,,false,2026-04-03T19:10:26.579420
"2024//5/13 
الساعة 12:04 صباحا
 هاربة من مشاكلي و اختياري الفاشل الي الزمن الجميل و ذكريات الحلوة",,,youtube_3hUz-T0LfnA,,false,2026-04-03T19:10:28.593521
بعد كل ده اكتشفت اني كنت بنسبالها الدكتور النفسي ليها ‏‪3:11‬‏,,,youtube_bY0EFZr0tXo,,false,2026-04-03T19:10:30.424402
2:22 غباش 💔,,,youtube_bY0EFZr0tXo,,false,2026-04-03T19:10:30.424402
مين معي 2026,,,youtube_bY0EFZr0tXo,,false,2026-04-03T19:10:30.424402
2026 ولسه بسمعها وموجع💔,,,youtube_bY0EFZr0tXo,,false,2026-04-03T19:10:30.424402
مين بيسمع الاغنيه في 2026😢💔,,,youtube_bY0EFZr0tXo,,false,2026-04-03T19:10:30.424402
مين بيسمعه في 2026❤️‍🩹,,,youtube_bY0EFZr0tXo,,false,2026-04-03T19:10:30.424402
مين جاي من عام 2026 😂😂💔,,,youtube_bY0EFZr0tXo,,false,2026-04-03T19:10:30.424402
جيش الي بيسمعها 13/12/2025,,,youtube_bY0EFZr0tXo,,false,2026-04-03T19:10:30.424402
مين لسه بيسمعها 13/12/2025,,,youtube_bY0EFZr0tXo,,false,2026-04-03T19:10:30.424402
اول مرة اسمعها 13-10-2025,,,youtube_bY0EFZr0tXo,,false,2026-04-03T19:10:30.425329
"لقد مضى على فراقنا 7 شهور هل هذا كافي 💔
لقد اشتقت لك كثيرا ❤S❤",,,youtube_bY0EFZr0tXo,,false,2026-04-03T19:10:30.425329
"جتني اهداء بهالوقت 6:43 بعد ما كنت راسله "" صباح الخير "" لعل وجع روحي ما بيهدا :(",,,youtube_bY0EFZr0tXo,,false,2026-04-03T19:10:31.241288
تحفه بس خسأااره مش، وخده حقها😢 2025شهر 7,,,youtube_bY0EFZr0tXo,,false,2026-04-03T19:10:31.241288
من يسمعها في 2025/6/24,,,youtube_bY0EFZr0tXo,,false,2026-04-03T19:10:31.241288
اسمعها وانا خسرت اهلي وخسرته هو انسجن وراح واهلي كانو يعذبوني كثير وهربت منهم وصارلي سنه عايشه بدونهم انا الطفله الي خسرت كل شي من بدايه مشوار العمر 17 سنه اتربيت بحضن اهل وعايله ووطن وخشيت ال 18 بدونهم ووصلت ل19 بدونهم 💔.,,,youtube_bY0EFZr0tXo,,false,2026-04-03T19:10:31.241288
مين بيسمعها معايا في 2025💔💔💔💔💔💔,,,youtube_bY0EFZr0tXo,,false,2026-04-03T19:10:31.241288
مين معي 2025😂❤,,,youtube_bY0EFZr0tXo,,false,2026-04-03T19:10:31.241288
لسا بسمعه 2024 5,,,youtube_bY0EFZr0tXo,,false,2026-04-03T19:10:31.241288
"هتعب سنين مش يومين😔💔 
28/1/2025 ‏‪",,,youtube_bY0EFZr0tXo,,false,2026-04-03T19:10:31.242286
2025 واحساس الاغنية باقي,,,youtube_bY0EFZr0tXo,,false,2026-04-03T19:10:31.242286
2025 وأسمعها للان 😢 .,,,youtube_bY0EFZr0tXo,,false,2026-04-03T19:10:31.242286
تسجيل دخول سنة1446😞,,,youtube_bY0EFZr0tXo,,false,2026-04-03T19:10:32.036407
اه علي الم فراق تجوزو من تحبو ألم فراق صعب والذكريات اصعب انا تجوزت وعندي اطفال ومزال كل ما اسمع اغنية فراق اتدكر حبي الاول تفارقنا 😢😢7.5.2024.ليبيا .طرابلس😢😢😢😢,,,youtube_bY0EFZr0tXo,,false,2026-04-03T19:10:32.036407
5سنين ❤,,,youtube_bY0EFZr0tXo,,false,2026-04-03T19:10:32.898058
من بيسمعهاا لحد وقتي 2023 💔.,,,youtube_bY0EFZr0tXo,,false,2026-04-03T19:10:32.899284
في 2023 ولسه بسمعها😢,,,youtube_bY0EFZr0tXo,,false,2026-04-03T19:10:32.899284
والله اني حبيتك صح انفجرت بكلامي لك بس تحملت كثير وشلت وجاملت كنت ابيك تسوين لو ذره من الي سويتيه بس للاسف قلبك مو مثل قلبي توقعت تسوين مثلي اي والله ي خوان 3 سنين راحت هبا منثوره ب اسباب تزعل والله رغم زعلي ذا وضيقتي اني ودي فيك اول مره احب مثل كذا اهخهخهخ بس والله حبيتك بس انت انهيت نفسك ب اشيائك😞😞😞😞😞,,,youtube_bY0EFZr0tXo,,false,2026-04-03T19:10:32.899284
18/5/2023وقلبى مكسور,,,youtube_bY0EFZr0tXo,,false,2026-04-03T19:10:32.899284
2023 ادمان 💔.,,,youtube_bY0EFZr0tXo,,false,2026-04-03T19:10:32.899284
مين بيسمعا من 2223,,,youtube_bY0EFZr0tXo,,false,2026-04-03T19:10:32.899284
مين يسمعها ف 2022💔😔,,,youtube_bY0EFZr0tXo,,false,2026-04-03T19:10:32.899284
بعد مرور 100 عام سيأتي أحدكم لسماع هذه الأغنية وسنكون انا وجيلي تحت التراب اتمنى أن تكون حياتكم أجمل من جيلنا بعيدًا عن الحروب و الأمراض و الاوبئة وألم الفراق أهلكنا ونحن في صغر السن 16/4/2022,,,youtube_bY0EFZr0tXo,,false,2026-04-03T19:10:33.801709
عظمه + بسمعها في 2022 ❤️❤️❤️,,,youtube_bY0EFZr0tXo,,false,2026-04-03T19:10:33.801709
nfsy trg3😭😭,,,youtube_bY0EFZr0tXo,,false,2026-04-03T19:10:34.619771
"الي اجا من الاسطوره لايك🖤

29-8-2021",,,youtube_bY0EFZr0tXo,,false,2026-04-03T19:10:34.619771
"I like it ya akhy ,salam anaa min balado indonesia 🇮🇩❤️😘😘😘😘😘❤️❤️❤️❤️❤️",,,youtube_bY0EFZr0tXo,,false,2026-04-03T19:10:34.619771
الي يسمعها في2021,,,youtube_bY0EFZr0tXo,,false,2026-04-03T19:10:35.444100
"يعنى اغنيه زى دى 200 الف مشاهده ،
واغنيه حسن شاكوش 350 مليون مشاهده ..!!!!!!
من الواضح اننا بننقرض 🤔🤔🤔",,,youtube_bY0EFZr0tXo,,false,2026-04-03T19:10:35.444100
والله ضحيت علشانها بكل حاجه وهيّا باعتنى 😔💔🥀🥹 2:00,,,youtube_HdYrph9yT8s,,false,2026-04-03T19:10:39.843637
نا لحد 2026,,,youtube_HdYrph9yT8s,,false,2026-04-03T19:10:39.843637
مين بيسمعها لحد دلوقتي 2026,,,youtube_HdYrph9yT8s,,false,2026-04-03T19:10:39.843637
مين بيسمعها 2026,,,youtube_HdYrph9yT8s,,false,2026-04-03T19:10:39.843637
مين بيسمعها لحد دلوقتي💔2026.,,,youtube_HdYrph9yT8s,,false,2026-04-03T19:10:39.843637
مين بيسمعها لحد 2026💔,,,youtube_HdYrph9yT8s,,false,2026-04-03T19:10:39.843637
2026😢 انا لوحدي معيش حد حتى حبيبي حتى راح خلاص بعد عني خليني لوحدي 💔💔💔,,,youtube_HdYrph9yT8s,,false,2026-04-03T19:10:39.843637
مين بيسمعها فى 2026 بس بجد ❤❤,,,youtube_HdYrph9yT8s,,false,2026-04-03T19:10:39.843637
مين بيسماعه لحد الآن 2026 ‏‪1:13‬‏,,,youtube_HdYrph9yT8s,,false,2026-04-03T19:10:39.843637
مين يسمعها فى 2026,,,youtube_HdYrph9yT8s,,false,2026-04-03T19:10:39.843637
الي ييسمعها ف 2026يجي 🙂,,,youtube_HdYrph9yT8s,,false,2026-04-03T19:10:39.843637
لسه ببسمعه 2026,,,youtube_HdYrph9yT8s,,false,2026-04-03T19:10:39.843637
في هنه واحد ب2026,,,youtube_HdYrph9yT8s,,false,2026-04-03T19:10:39.843637
4:13 مصدوم اكيد لكن مسيري هفوق,,,youtube_HdYrph9yT8s,,false,2026-04-03T19:10:39.843637
حد هنا 20260😢,,,youtube_HdYrph9yT8s,,false,2026-04-03T19:10:39.843637
1:17 تموت بجد ❤️‍🩹,,,youtube_HdYrph9yT8s,,false,2026-04-03T19:10:39.843637
مين بيسمعها في 2026❤,,,youtube_HdYrph9yT8s,,false,2026-04-03T19:10:39.843637
بداية 2026🥺❤️‍🩹,,,youtube_HdYrph9yT8s,,false,2026-04-03T19:10:39.843637
مين يسمعها ب 2026,,,youtube_HdYrph9yT8s,,false,2026-04-03T19:10:39.843637
اول واحده في 2026❤,,,youtube_HdYrph9yT8s,,false,2026-04-03T19:10:39.843637
مين في اوائل2026,,,youtube_HdYrph9yT8s,,false,2026-04-03T19:10:40.763483
26/12/2025 من اكتوبر,,,youtube_HdYrph9yT8s,,false,2026-04-03T19:10:40.763483
منو يسمعها 2025 😢,,,youtube_HdYrph9yT8s,,false,2026-04-03T19:10:40.764483
"واخيرا جاي اعلقلكم 2025اخدت الي بحبها وصارت هالاغنية زكرى 🥺وسويت قناة انا وياها ومبسوطين
الحب جميل وتاخد الي تحبها اجمل ادعولنا❤️❤️",,,youtube_HdYrph9yT8s,,false,2026-04-03T19:10:40.764483
مين معانا في أواخر 2025 🎉🎉🎉,,,youtube_HdYrph9yT8s,,false,2026-04-03T19:10:40.764483
بتوع 2026يجو جمبي,,,youtube_HdYrph9yT8s,,false,2026-04-03T19:10:40.764483
في حد بيستمعها في 2026😢😢,,,youtube_HdYrph9yT8s,,false,2026-04-03T19:10:40.764483
مين بيسمعها 2026🥺,,,youtube_HdYrph9yT8s,,false,2026-04-03T19:10:40.764483
مين بيسمع الاغنيه دي هاتي 2025 💔❤️‍🩹 على شهر 11,,,youtube_HdYrph9yT8s,,false,2026-04-03T19:10:40.764483
بتوع 2026 يعملو قهوه ويقعدو جمبي 😢,,,youtube_HdYrph9yT8s,,false,2026-04-03T19:10:40.764483
2026 في حدا موجود يخوان,,,youtube_HdYrph9yT8s,,false,2026-04-03T19:10:40.764483
مين لسه بيسمعها 2025,,,youtube_HdYrph9yT8s,,false,2026-04-03T19:10:40.764483
تحياتي من 2030♠️,,,youtube_HdYrph9yT8s,,false,2026-04-03T19:10:41.541844
من جاي في الف 2025😢,,,youtube_HdYrph9yT8s,,false,2026-04-03T19:10:41.541844
مين بيسمعها 2025,,,youtube_HdYrph9yT8s,,false,2026-04-03T19:10:41.541844
من 2019 وانا هنا يا حزنان تعال😂,,,youtube_HdYrph9yT8s,,false,2026-04-03T19:10:41.541844
بترجعلي ايام 2016,,,youtube_HdYrph9yT8s,,false,2026-04-03T19:10:41.541844
مين معايا لحد 2025,,,youtube_HdYrph9yT8s,,false,2026-04-03T19:10:41.541844
‏‪2:18‬‏ اخخخخ يا جدعان,,,youtube_HdYrph9yT8s,,false,2026-04-03T19:10:41.541844
اللي بيسمعها في 2025,,,youtube_HdYrph9yT8s,,false,2026-04-03T19:10:41.541844
صيف 2025,,,youtube_HdYrph9yT8s,,false,2026-04-03T19:10:41.541844
مين يوم 15/8,,,youtube_HdYrph9yT8s,,false,2026-04-03T19:10:41.541844
بتوع 2025 يصفو جمبي✨,,,youtube_HdYrph9yT8s,,false,2026-04-03T19:10:41.541844
مين يسمعها في 2025 😂❤!,,,youtube_HdYrph9yT8s,,false,2026-04-03T19:10:41.541844
مين بيسمعها لحد دلوقتي 2026,,,youtube_HdYrph9yT8s,,false,2026-04-03T19:10:42.435458
مين بيسمعها 2025 💔,,,youtube_HdYrph9yT8s,,false,2026-04-03T19:10:42.435458
مين بيسمعها لحد 2025😢,,,youtube_HdYrph9yT8s,,false,2026-04-03T19:10:42.435458
حد هنا في 2025وله انا لوحدي🙁,,,youtube_HdYrph9yT8s,,false,2026-04-03T19:10:42.435458
في حد هنا 2025😢,,,youtube_HdYrph9yT8s,,false,2026-04-03T19:10:42.435458
5:05 /22تموز الثلاثاء ♥️,,,youtube_HdYrph9yT8s,,false,2026-04-03T19:10:42.435458
Ana,,,youtube_HdYrph9yT8s,,false,2026-04-03T19:10:42.436457
مين بيسمعها في 2025❤,,,youtube_HdYrph9yT8s,,false,2026-04-03T19:10:42.436457
قصتي معاها 8سنين مع زوجي كنا لسا متجوزنا بس تجوزنا لكن يريت  متجوزنا حاليا بسمع لها وببكي الحمد لله,,,youtube_HdYrph9yT8s,,false,2026-04-03T19:10:42.436457
مين بيسمعه في  2025💔💔💔😢😢,,,youtube_HdYrph9yT8s,,false,2026-04-03T19:10:42.436457
"هلا وغلا والله بقلبك المجنون ملين اوجاع وبفرق لا يتحاملو انسان 💔🥹💔🥹 
                   
                 ❌💥2025🥷💥",,,youtube_HdYrph9yT8s,,false,2026-04-03T19:10:43.221820
مين بيسمعها 2025 يجي,,,youtube_HdYrph9yT8s,,false,2026-04-03T19:10:43.221820
مين بيسمعه 2025/4/24💔,,,youtube_HdYrph9yT8s,,false,2026-04-03T19:10:43.222820
ولله انا بسمعها 2025😢😢,,,youtube_HdYrph9yT8s,,false,2026-04-03T19:10:43.222820
الغنيه كده كده مكمله لحد 2030,,,youtube_HdYrph9yT8s,,false,2026-04-03T19:10:44.003616
انا بسمعه من2022,,,youtube_HdYrph9yT8s,,false,2026-04-03T19:10:44.003616
مين ببسمعها 2025 🤭,,,youtube_HdYrph9yT8s,,false,2026-04-03T19:10:44.003616
مين بيسمعها ف 2025 يديعيلي الله يرحمني,,,youtube_HdYrph9yT8s,,false,2026-04-03T19:10:44.003616
مين بيسمعها 2025😂😢❤😊,,,youtube_HdYrph9yT8s,,false,2026-04-03T19:10:44.003616
مين بيسمعها 2025❤😢,,,youtube_HdYrph9yT8s,,false,2026-04-03T19:10:44.004617
مين بيسمعها في 2025 💔,,,youtube_HdYrph9yT8s,,false,2026-04-03T19:10:44.004617
انا بسمعها من2023😢❤,,,youtube_HdYrph9yT8s,,false,2026-04-03T19:10:44.004617
نحن بنسمعها 2025 😂😂😂😂😂 اما 2017 كنا بحضن الماما😂😂😂😂😂😢,,,youtube_HdYrph9yT8s,,false,2026-04-03T19:10:44.004617
انا بسمعها في العيد اسواء سنه 2025,,,youtube_HdYrph9yT8s,,false,2026-04-03T19:10:44.004617
مين بسمعها 2025😅❤️‍🩹,,,youtube_HdYrph9yT8s,,false,2026-04-03T19:10:44.004617
مين بيسمعها في رمضان 2025,,,youtube_HdYrph9yT8s,,false,2026-04-03T19:10:44.004617
مين هنا 2025😢,,,youtube_HdYrph9yT8s,,false,2026-04-03T19:10:44.757916
الي بيسمعها ف 2026,,,youtube_HdYrph9yT8s,,false,2026-04-03T19:10:44.757916
مين بيسمعها في 2025,,,youtube_HdYrph9yT8s,,false,2026-04-03T19:10:44.757916
مين بيسمعهاا ف 2025😅💔,,,youtube_HdYrph9yT8s,,false,2026-04-03T19:10:44.757916
مين يسمعها في 2040,,,youtube_HdYrph9yT8s,,false,2026-04-03T19:10:44.757916
8 سنه ضاعو في اي دول والله العمر بيجري,,,youtube_HdYrph9yT8s,,false,2026-04-03T19:10:44.757916
مين بيسمعها2025,,,youtube_HdYrph9yT8s,,false,2026-04-03T19:10:45.499888
مين بيسمعها في 2030😂,,,youtube_HdYrph9yT8s,,false,2026-04-03T19:10:45.499888
مين بيسمع من 2027,,,youtube_HdYrph9yT8s,,false,2026-04-03T19:10:45.499888
مين يصدق ان الاسطوره بقاله 8 سنين😢,,,youtube_HdYrph9yT8s,,false,2026-04-03T19:10:45.499888
مين يسمعها 2025,,,youtube_HdYrph9yT8s,,false,2026-04-03T19:10:46.233593
"2025/1/18
س8:12 م",,,youtube_HdYrph9yT8s,,false,2026-04-03T19:10:46.233593
مين يسمعها في 2025💔اه اه,,,youtube_HdYrph9yT8s,,false,2026-04-03T19:10:46.950064
Alik min kiss a5tak sharmot w awlda lmarnin,,,youtube_HdYrph9yT8s,,false,2026-04-03T19:10:46.950064
من ب يسمعها 2025🥺♥.,,,youtube_HdYrph9yT8s,,false,2026-04-03T19:10:46.950064
مين بيسمعها 2025,,,youtube_HdYrph9yT8s,,false,2026-04-03T19:10:46.950064
9-2-2015 وبعدني ما نسيتها💔💔💔💔,,,youtube_HdYrph9yT8s,,false,2026-04-03T19:10:46.950064
"2025 
مين يسمعها",,,youtube_HdYrph9yT8s,,false,2026-04-03T19:10:46.950064
ميين بسمعها 2025,,,youtube_HdYrph9yT8s,,false,2026-04-03T19:10:47.656747
2025 مين هان,,,youtube_HdYrph9yT8s,,false,2026-04-03T19:10:47.656747
مين بيسمعها ف 2025❤😂,,,youtube_HdYrph9yT8s,,false,2026-04-03T19:10:47.656747
2025 نبداء بها,,,youtube_HdYrph9yT8s,,false,2026-04-03T19:10:47.656747
هو لسه في حد بيسمع الاغنيه دي لحد دلوقتي في 2025؟,,,youtube_HdYrph9yT8s,,false,2026-04-03T19:10:47.656747
مين بيسمعها ف 2025,,,youtube_HdYrph9yT8s,,false,2026-04-03T19:10:47.656747
بسمعها في 2025,,,youtube_HdYrph9yT8s,,false,2026-04-03T19:10:47.656747
مين بيسمعها 2025,,,youtube_HdYrph9yT8s,,false,2026-04-03T19:10:47.656747
مين يسمعها دي الايام ومجروح 2024/12/26💔😞,,,youtube_HdYrph9yT8s,,false,2026-04-03T19:10:49.031023
من بيسمعها في 2025 💔,,,youtube_HdYrph9yT8s,,false,2026-04-03T19:10:49.690712
اغنيه على ريق موت  2024,,,youtube_HdYrph9yT8s,,false,2026-04-03T19:10:50.966366
مين بسمعها 2025,,,youtube_HdYrph9yT8s,,false,2026-04-03T19:10:52.256427
شكون سمعها في 4مارس 2026,,,youtube_uv5nDw5fEZE,,false,2026-04-03T19:10:56.179449
ها ها ها ها ااااااا احلا فنانا 2026,,,youtube_uv5nDw5fEZE,,false,2026-04-03T19:10:56.180443
اكتر غناية خدت حقها 2025,,,youtube_uv5nDw5fEZE,,false,2026-04-03T19:10:56.963909
وكلمات أيضاوايقاع تحية من يونس الشقيقة البيا 24😮😮❤❤,,,youtube_uv5nDw5fEZE,,false,2026-04-03T19:10:56.963909
وكلمات أيضاوايقاع تحية من يونس الشقيقة البيا 24,,,youtube_uv5nDw5fEZE,,false,2026-04-03T19:10:56.963909
انا من جربة 2:46,,,youtube_uv5nDw5fEZE,,false,2026-04-03T19:10:57.731032
Ghoneya hedhy arftha mn tatawin hh a7la ness,,,youtube_uv5nDw5fEZE,,false,2026-04-03T19:10:57.731032
أكثر غناية خذت حقها في 2025,,,youtube_uv5nDw5fEZE,,false,2026-04-03T19:10:58.585741
2na men 7ame gebes,,,youtube_uv5nDw5fEZE,,false,2026-04-03T19:10:58.585741
333ssal,,,youtube_uv5nDw5fEZE,,false,2026-04-03T19:10:58.585741
شكون من وذرف صيف 2025 الباقي والعيادي,,,youtube_uv5nDw5fEZE,,false,2026-04-03T19:10:58.586741
"للي واجني 84 تعليق 
هلبا نفسيات يسمعو وما يلعقوش😂",,,youtube_uv5nDw5fEZE,,false,2026-04-03T19:10:58.586741
ىبي ❤ ‏‪0:21‬‏,,,youtube_uv5nDw5fEZE,,false,2026-04-03T19:10:59.507789
خويا انا من المعجبين ديالك من 2018 . صوتك تحفة ما شاء الله. كنتمناو ليك مزيد من التألق و العطاء ❤ الاغنية تحفة كدالك ❤,,,youtube_901QYERoYz4,,false,2026-04-03T19:11:00.866287
حبيت بكل لغات ❤❤❤❤❤❤🎉🎉🎉🎉🎉🎉🎉يارب لل80 مليوان  وتحيا ليك من الجزائر 🇩🇿❤,,,youtube_901QYERoYz4,,false,2026-04-03T19:11:00.866287
رضوان صوت واعر كنت كنتصنط ليه ف 2015 مع الاسف مخداش حقو,,,youtube_901QYERoYz4,,false,2026-04-03T19:11:00.866287
Dwiiisek howa 👌🏻,,,youtube_901QYERoYz4,,false,2026-04-03T19:11:00.866287
Machaalah elik la voix dylk kay9ess lwahed bzzzf bon courage w nchaalah lamais mn najah😍,,,youtube_901QYERoYz4,,false,2026-04-03T19:11:00.866287
Wa3era bzzf 🎉,,,youtube_901QYERoYz4,,false,2026-04-03T19:11:00.866287
❤❤❤❤ tbarklah 3lik,,,youtube_901QYERoYz4,,false,2026-04-03T19:11:00.866287
متغبرش بقى تبان حيت صوتك مضلوم في الساحة الفنية، منساوش أغنية awah ضربات كثر من 75 مليون مشاهدة إنشاء الله هاد الصويت غادي يرجع يسمعوه گاع الناس❤❤,,,youtube_901QYERoYz4,,false,2026-04-03T19:11:00.866287
Tbarkelah 3lik ahssan sote ❤,,,youtube_901QYERoYz4,,false,2026-04-03T19:11:00.866287
Dwisk wa3r machlah❤️😍,,,youtube_901QYERoYz4,,false,2026-04-03T19:11:00.866287
Ma3ejbatniche 7ite dertiha rai ana ma3andiche m3ahe.  Khalik fi dekchi li konte dirou hadi ch7el maghribi moderne,,,youtube_901QYERoYz4,,false,2026-04-03T19:11:00.866287
https://www.youtube.com/@hananredha/videos,,,youtube_901QYERoYz4,,false,2026-04-03T19:11:00.866287
Tbarkillaaah 3lilk a khaaay ⚡🤩❤🕺🏻🕺🏻🕺🏻🕺🏻🕺🏻👏🏻👏🏻👏🏻👏🏻👏🏻👏🏻👏🏻👏🏻,,,youtube_901QYERoYz4,,false,2026-04-03T19:11:01.677180
Bravo makatban 7ta katkoun chi 7aja wa3ra kalimatt n9iya vraiment top bravooo ❤❤,,,youtube_901QYERoYz4,,false,2026-04-03T19:11:01.677180
fanaan,,,youtube_901QYERoYz4,,false,2026-04-03T19:11:01.677180
Jit mn tiktok maymknch had lmzika matkonch f Telefoni bravo 3lik khoya disk nadi,,,youtube_901QYERoYz4,,false,2026-04-03T19:11:01.677180
كنت 21 سنة و الآن أنا 46 .. و مضى قطار العمر ..,,,youtube_pTklC9wGtMI,,false,2026-04-03T19:11:03.112792
مين يسمعها في عام2026😊❤❤,,,youtube_pTklC9wGtMI,,false,2026-04-03T19:11:03.112792
novembre 2025😢🎉❤,,,youtube_pTklC9wGtMI,,false,2026-04-03T19:11:03.112792
I used to listen to it back in 2001,,,youtube_pTklC9wGtMI,,false,2026-04-03T19:11:03.112792
10/10/2025 يوم الجمعة الساعة 15:46,,,youtube_pTklC9wGtMI,,false,2026-04-03T19:11:03.112792
2025  الله يريح قلبك و يشفيكي من اللي خلاكي هيك يا روحي.... بدعيلك من كل قلبي.,,,youtube_pTklC9wGtMI,,false,2026-04-03T19:11:03.112792
من بيسمعها في عام 2025 🤗.,,,youtube_pTklC9wGtMI,,false,2026-04-03T19:11:03.112792
ماي 2025 هل من مستمع ؟,,,youtube_pTklC9wGtMI,,false,2026-04-03T19:11:03.112792
مين بيسمعها ب 2025 يضرب لااااااايك,,,youtube_pTklC9wGtMI,,false,2026-04-03T19:11:03.112792
"Lucky me...I was living in Tunisia 🇹🇳 with nice Artists...&Best workers...2024-2025 July ...enjoy ""sidi Bousaid""..everyweek taken trains 🚆.. 😊😊😊🎉😊😊😊",,,youtube_pTklC9wGtMI,,false,2026-04-03T19:11:03.112792
من أشهر الاغانى مع بداية قنوات الاغانى 2002,,,youtube_pTklC9wGtMI,,false,2026-04-03T19:11:03.112792
😢😢😢😢😢😢😢😢😢😢😢😢😢😢😢😢😢 ذكريات الماضي الجميل الأليم أخي ماهر باسل منار 2002/لن تعود مرة أخرى😢😢😢😢😢😢😢😢😢😢😢😢😢😢😢😢😢😢😢😢 أين أنت يا اخي العزيز ماهر😢😢😢😢😢😢😢,,,youtube_pTklC9wGtMI,,false,2026-04-03T19:11:03.113793
الاحساس تحفة 2022❤❤❤,,,youtube_pTklC9wGtMI,,false,2026-04-03T19:11:04.145148
"ألايام تمضي وذكراها باقية الى الابد ... الذكريات تصبح تأريخ بعد رحيل أصحابها 
العراق الأنبار 22/3/2022",,,youtube_pTklC9wGtMI,,false,2026-04-03T19:11:04.145148
مين بيسمعها ب 2022,,,youtube_pTklC9wGtMI,,false,2026-04-03T19:11:04.145148
2021 😍❤️🥰 من أحب الأغاني عندي 💓💓,,,youtube_pTklC9wGtMI,,false,2026-04-03T19:11:04.145148
كنت بالصف السابع بالشام كنت اتسمع على هل التحفة لصابر الرباعي وهلا عمري 25 رح فوت ب 26 يالله الوقت بيمرق متل البرق ، فعلا صدق كلام الله تعالى ورسوله :وما حياة الدنيا الا لعب ولهو,,,youtube_pTklC9wGtMI,,false,2026-04-03T19:11:04.145148
روعه 2021,,,youtube_pTklC9wGtMI,,false,2026-04-03T19:11:04.145148
ليش دقة الفيديو تعبانه مو 1080p.FHD يعني للأسف ابهاي الدقة محد ايحملها ..,,,youtube_pTklC9wGtMI,,false,2026-04-03T19:11:04.145148
مين يسمعها في 2021 يثبت وجوده,,,youtube_pTklC9wGtMI,,false,2026-04-03T19:11:04.145148
2020 ولسه برونقها ⁦❤️⁩,,,youtube_pTklC9wGtMI,,false,2026-04-03T19:11:04.145148
يمر الزمان ويفوت وتبقى الذكريات الجميلة  .عودة من سنة  2020 🙏❤,,,youtube_pTklC9wGtMI,,false,2026-04-03T19:11:05.042863
2020 >>>> like,,,youtube_pTklC9wGtMI,,false,2026-04-03T19:11:05.042863
الاغنية هده ادمان ...مين بيسمعها ف 2020,,,youtube_pTklC9wGtMI,,false,2026-04-03T19:11:05.042863
اللي يسمعها 2020 يضغط لايك,,,youtube_pTklC9wGtMI,,false,2026-04-03T19:11:05.042863
2020 at 05.30 ❤,,,youtube_pTklC9wGtMI,,false,2026-04-03T19:11:05.042863
2020 .. اخبط لايك ❤,,,youtube_pTklC9wGtMI,,false,2026-04-03T19:11:05.042863
الي بيسمعها في 2019 يدوس لايك,,,youtube_pTklC9wGtMI,,false,2026-04-03T19:11:05.042863
انا بعشق الاغنيه دي وبسمعها ف 2019,,,youtube_pTklC9wGtMI,,false,2026-04-03T19:11:05.042863
الي بيسمعها 2019لايك,,,youtube_pTklC9wGtMI,,false,2026-04-03T19:11:05.042863
اللي بيسمعها في 2019 لايك ويدخل يشترك في قناتي,,,youtube_pTklC9wGtMI,,false,2026-04-03T19:11:05.042863
اللي يسمعها 2019 يحط لايك⁦♥️⁩,,,youtube_pTklC9wGtMI,,false,2026-04-03T19:11:05.042863
اللی بیسمعها ف 2019 یعمل لایگ 💪👍,,,youtube_pTklC9wGtMI,,false,2026-04-03T19:11:05.042863
لي يسمعها في 2019,,,youtube_pTklC9wGtMI,,false,2026-04-03T19:11:05.042863
اللي يسمعهاا في 2019 يحط لايك,,,youtube_pTklC9wGtMI,,false,2026-04-03T19:11:05.042863
"الي لسا بيسمعها يخبط لايك2019
من احسن الاغاني عندي",,,youtube_pTklC9wGtMI,,false,2026-04-03T19:11:05.042863
اللى بيسمعها 2019يضغط لايك,,,youtube_pTklC9wGtMI,,false,2026-04-03T19:11:05.042863
الي بيسمعها في 2018 يخبط لايك ويجي جبي,,,youtube_pTklC9wGtMI,,false,2026-04-03T19:11:05.822376
"اللي يسمعها ب2018
يضغط لايگ لنعرف اصحاب الأذواق",,,youtube_pTklC9wGtMI,,false,2026-04-03T19:11:05.822376
اللي يسمعها في 2018 يحط لايك :*,,,youtube_pTklC9wGtMI,,false,2026-04-03T19:11:05.822376
اللي بيسمعها 2018 لايك,,,youtube_pTklC9wGtMI,,false,2026-04-03T19:11:05.822376
02/07/2018     و تظل رائعا يا صابر,,,youtube_pTklC9wGtMI,,false,2026-04-03T19:11:05.822376
اللي يسمعها في 2018 يعمل لايك,,,youtube_pTklC9wGtMI,,false,2026-04-03T19:11:05.822376
اللى بيسمعها فى 2018 يعمل لااايك <3,,,youtube_pTklC9wGtMI,,false,2026-04-03T19:11:05.822376
اووووووف يا حبيبتي ضحى بت الكاضميه والله مشتاقلج صار 3 سنوات متفاركين 😢😢😢,,,youtube_pTklC9wGtMI,,false,2026-04-03T19:11:05.822376
الي بسمعها بال 2018 حط لايكـــ,,,youtube_pTklC9wGtMI,,false,2026-04-03T19:11:05.822376
ابريل 2018 ♡♥♡,,,youtube_pTklC9wGtMI,,false,2026-04-03T19:11:05.822376
الي يسمعها ف 2018 لايك,,,youtube_pTklC9wGtMI,,false,2026-04-03T19:11:05.822376
الي يسمعها ب2018 يجق لايك,,,youtube_pTklC9wGtMI,,false,2026-04-03T19:11:05.822376
الي يسمعها 2018 يحط لايك,,,youtube_pTklC9wGtMI,,false,2026-04-03T19:11:06.553786
الي يسمعها   2018 يحط لايك 😙😚😙,,,youtube_pTklC9wGtMI,,false,2026-04-03T19:11:06.553786
يعني انت معقوله تراسلني 24ساعه شلون بعملك يرادلك وقت,,,youtube_pTklC9wGtMI,,false,2026-04-03T19:11:06.553786
الى يسمعها فى 2018 يحط لايك,,,youtube_pTklC9wGtMI,,false,2026-04-03T19:11:06.553786
لي يسمعها ف 2018 😂 لايك,,,youtube_pTklC9wGtMI,,false,2026-04-03T19:11:06.553786
الي يسمعها في 2018 يحط لايك👍❤,,,youtube_pTklC9wGtMI,,false,2026-04-03T19:11:06.553786
الي يسمعها في 2018 حط ليك,,,youtube_pTklC9wGtMI,,false,2026-04-03T19:11:06.553786
الي بيسمعها 2018 لايك,,,youtube_pTklC9wGtMI,,false,2026-04-03T19:11:06.553786
الي بيسمعها 2018 لايك,,,youtube_pTklC9wGtMI,,false,2026-04-03T19:11:06.553786
الله ...بوكتها نسمع الاغنيه اني ..و..وعد الشمري..20017,,,youtube_pTklC9wGtMI,,false,2026-04-03T19:11:06.553786
احب اغانية القديمة ..ذووووق هالغنيييية  2017,,,youtube_pTklC9wGtMI,,false,2026-04-03T19:11:06.553786
ta7iya min weld bledek sfaxi bravoo saber,,,youtube_pTklC9wGtMI,,false,2026-04-03T19:11:07.316378
الي يسمعها 2018 لايك,,,youtube_pTklC9wGtMI,,false,2026-04-03T19:11:07.316378
"old is gold
حبيت صوت صابر اول مرة سمعت بيها هالاغنية ..كان عمري 13 سنة..",,,youtube_pTklC9wGtMI,,false,2026-04-03T19:11:07.316378
انا بسمعها في 2017,,,youtube_pTklC9wGtMI,,false,2026-04-03T19:11:07.316378
اغنية راقية و كلها احساس متل هاذي تتحصل الا على 500 الف مشاهدة غي سنتين و اغنية تافهة فيها كلمتين  لخريج سجون و زاني تتحصل على 23  مليون في  اسبوع هنا نكتشف ان الذوق انعدم و الاذن النظيفة انقرضت و للموضوع بقية و لكن ربي يهدينا و نبطلو كل انواع الاشياء الي مايحبهاش ربي,,,youtube_pTklC9wGtMI,,false,2026-04-03T19:11:07.316378
"الاغنية كلها تبداء في الدقيقة 3:37 دخله رائعة ووجه حسن جميل 

البنت جميلة جدآآآآآآآآآآآآآآآآآآآآآآآآآآآآآآآآآآ هل هي تونسية ؟

اكيد التصوير في تونس لانه واضح من الحرمة اللي موجودة الوحشة جدآآآ اعوذبالله",,,youtube_pTklC9wGtMI,,false,2026-04-03T19:11:08.186245
خلص ثااارك .... بس .... 14/03/2017,,,youtube_pTklC9wGtMI,,false,2026-04-03T19:11:08.187112
الي يسمعها في 2017 يحط لايك,,,youtube_pTklC9wGtMI,,false,2026-04-03T19:11:08.972834
Ah ya9albi,,,youtube_pTklC9wGtMI,,false,2026-04-03T19:11:09.713904
saber balsam jourou7i,,,youtube_pTklC9wGtMI,,false,2026-04-03T19:11:10.415050
za3im ya saber,,,youtube_pTklC9wGtMI,,false,2026-04-03T19:11:10.415050
Raw3aaaaaa,,,youtube_pTklC9wGtMI,,false,2026-04-03T19:11:10.415050
good 3ajbtniiii,,,youtube_pTklC9wGtMI,,false,2026-04-03T19:11:10.415050
just waw <3,,,youtube_pTklC9wGtMI,,false,2026-04-03T19:11:11.109823
5.1  proof god exists . ...god bless you ...,,,youtube_pTklC9wGtMI,,false,2026-04-03T19:11:11.109823
مين جاي 2026/03/29😅,,,youtube_5xbw9CNvG8k,,false,2026-04-03T19:11:12.494910
Khalas ra2sitha helwa garabt aha,,,youtube_5xbw9CNvG8k,,false,2026-04-03T19:11:12.494910
صراحة موسيقى من 2000 الى 2010 كانت احسن موسيقى 🎶 🎶,,,youtube_5xbw9CNvG8k,,false,2026-04-03T19:11:12.494910
من الاغاني اللي خلتني احب سميرة سعيد واعرف انها مختلفة اكنها بتغني غربي بشكل مصري ايام يوم ورا يوم كان عمري 6 او 7 سنين وحبيت الاغنية وعجبني صوت الشاب ميامي كنت ساعتها بحسب سميرة سعيد مصرية انا عرفت انها مغربية لما كبرت ❤,,,youtube_5xbw9CNvG8k,,false,2026-04-03T19:11:12.494910
من يسمعها في 2026,,,youtube_5xbw9CNvG8k,,false,2026-04-03T19:11:12.494910
2025 ❤️ مواليد 2007 و ده ذوقي 😊,,,youtube_5xbw9CNvG8k,,false,2026-04-03T19:11:12.494910
أواخر 2025 ♥️🫶🏻🌹,,,youtube_5xbw9CNvG8k,,false,2026-04-03T19:11:12.494910
مزيكا ايام 2005 وصلة الدش إلى كانت بتجيب 25 قناة اة على الذكريات❤❤❤❤,,,youtube_5xbw9CNvG8k,,false,2026-04-03T19:11:12.494910
Aiy😊meraa😊ktjwj😊ktchouf😊asade😊hdah😊iya.emraa😊kole😊asade😊ma3a😊laboua,,,youtube_5xbw9CNvG8k,,false,2026-04-03T19:11:12.494910
انا جيت في 2025,,,youtube_5xbw9CNvG8k,,false,2026-04-03T19:11:12.494910
صنفي 0:48 🦄🐛〽️,,,youtube_5xbw9CNvG8k,,false,2026-04-03T19:11:12.494910
2025 تحية مغربية لجميع الشعوب العربية و تحيا فلسطين,,,youtube_5xbw9CNvG8k,,false,2026-04-03T19:11:12.494910
جئتكم من 2026🎉😂❤😢,,,youtube_5xbw9CNvG8k,,false,2026-04-03T19:11:12.494910
معقول مرت علي الاغنيه 20 سنه يااااه كبرنا,,,youtube_5xbw9CNvG8k,,false,2026-04-03T19:11:12.494910
منو بسمعها 2025 جيل الطيبين,,,youtube_5xbw9CNvG8k,,false,2026-04-03T19:11:12.494910
انا اروى بنت 2025,,,youtube_5xbw9CNvG8k,,false,2026-04-03T19:11:12.494910
2025 و بعدني احب هالاغنيه ❤,,,youtube_5xbw9CNvG8k,,false,2026-04-03T19:11:12.494910
في 2024  من يتذكرها يخبط جام,,,youtube_5xbw9CNvG8k,,false,2026-04-03T19:11:12.494910
❤ من جمال اغاني سميره  كل ما ترجع تسمع الاغانيه تحبا من جديد ❤ ‏‪1:45‬‏,,,youtube_5xbw9CNvG8k,,false,2026-04-03T19:11:12.494910
1/10/2024 الثلاثاء 😂😢😢❤💔💔💔🤦👉,,,youtube_5xbw9CNvG8k,,false,2026-04-03T19:11:12.494910
"و الله وصل بي الحد اني اصبحت الكلمات تتردد في منامي.....😂❤😂❤😂❤😂❤😢❤😢❤😢❤من زمان كانت الفتاة تذوب بحب الرجل و الرجل بيذوب عشق بالفتاة ليحب.وفيه قصص كثيره عشتها و انا في الصغر من أنا شخصيا و اصدقائي في المتوسطة والثانوية و من بعدين الجامعه.......😂❤😂❤😂❤😢❤❤❤❤❤❤❤❤❤❤❤
ماشي كي ليوم كل شيء تبدل ف2024",,,youtube_5xbw9CNvG8k,,false,2026-04-03T19:11:13.280653
2024 ومازال اسمعها ❤,,,youtube_5xbw9CNvG8k,,false,2026-04-03T19:11:13.280653
😢😢😢😢😢😢😢😢😢😢😢😢😢😢😢😢😢😢😢😢😢😢 ذكريات الماضي الجميل الأليم أخي ماهر باسل منار لن تعود مرة أخرى إلى الأبد آه يا رب يا رب يا رب يا رب يا رب يا رب يا رب يا رب يا رب يا رب يا رب يا رب يا رب يا رب😢😢😢😢😢😢😢😢😢😢😢😢😢😢😢😢😢😢😢😢2005 عرادة😢😢😢😢😢😢😢😢😢😢😢😢😢😢 توفي عمي أبو رامي الاحد 17/3/2024 رمضان😢😢😢😢😢😢😢😢,,,youtube_5xbw9CNvG8k,,false,2026-04-03T19:11:13.280653
فيديو كليب تعمل 2004 وكانو 2030 الاغنية كلش المونتاج الصورة كلش فيه perfect 😮❤,,,youtube_5xbw9CNvG8k,,false,2026-04-03T19:11:13.280653
"سمعتها يوم10مارس 2024 الساعة 13:58 يوم الاحد 29 شعبان من وهران دائرة ڨديل الجزائر الجو كان ممطر مع رياح
انا عمري 42 ✌🏻تحياتي للمستقبلين ربي معاكم 😂",,,youtube_5xbw9CNvG8k,,false,2026-04-03T19:11:13.281652
لي فجأة جاتو ذكريات في 2024 صف هنا,,,youtube_5xbw9CNvG8k,,false,2026-04-03T19:11:13.281652
"Même si je ne connais pas la langue dans laquelle vous chantez, je suppose que c'est l'égyptien ou le libanais. Je m'appelle Ioana et avec mon mari Florian de Roumanie, nous aimons écouter vos chansons. Nous vous aimons du fond du cœur. Vous êtes phénoménal à votre âge quand vous pouvez jouer autant de genres musicaux. Bravo chère Samira !! Des bisous de notre part.",,,youtube_5xbw9CNvG8k,,false,2026-04-03T19:11:13.282825
حنان الصايم 11ديسمبير 2986ألمغير الوداى وصليبن بي في ما وصلبين خلاص الصايم حواهر الصابموعماد الصايم حنان في تلفيون ما نسحق وصلة وصليبن بي حنان الصايم 11ديسمبير 1986النغير الوداى وثلببن الخيال في المعهد الوطني المتخصصة الفنون الصاعات المطليعة التخطيطية وصليين حنان وصليبن في الدار حي 200مسكن العالية النغير الوداى وصليبن هو وصلببن كل وصليبن بثحرة مانسحق وصلة في خصة الثىاحة الراحة ما نسحق وصلة بي ما نيخق الصايم محمد رسبد الصابم حنان وصلةةتحبني تستيني وصلة وصليين تشتيني حنان الصايم 11ديسمبير 1986النغيرىالودتى,,,youtube_5xbw9CNvG8k,,false,2026-04-03T19:11:13.282825
اسمعها الين اليوم 2023❤,,,youtube_5xbw9CNvG8k,,false,2026-04-03T19:11:13.282825
Safi da3ad mani Ana jazaeiriya oukou Ghadi nt3dek fi mahkama bayett ayed oukou kifche direni mois issraeiliya o khdama 3ndek fi laremi nt3 issraeil moxjha ana wnta fi mahkama  raeise america yehkam 3lina nta o jineral  nt3 laremi du Maroc .oukou..mois maintenant j'ai boisoui manteou cette le Maroc manteau pliiiise veza puten du russai pliiiiiiiiiiiiiiiiiiiiiiiiiiiiiiiiiiiiiiiiiiiiiiiiiiiiiiiiiiiiiiiiiiiiiiiiiiiiiiiiiiiiiiiiiiiiiiiiiiiiiiiiiiiiiiiiiiiiiiiiiiiiiiiiiiiiiiiiiiiiiiiiiiiiiiiiiiiiiiiiiiiiiiiiiiiiiiiiiiiiiiiiiiiiiiiiiiiiiiiiiiiiiiiiiiiiiiiiiiiiiiiiiiiiiiiiiiiiiiiiiiiiiiiiiiiiiiiiiiiiiiiiiiiiiiiiiiiiiiiiiiiiiiiiiiiiiiiiiiiiiiiiiis j'ai boisoui manteou vesa pour maraige avec putine du russai pliiiiiiiiiiiiiiiiiiiiiiiiiiiiiiiiiiiiiiiiiiiiiiiiiiiiiiiiiiiiiiiiiiiiiiiiiiiiiiiiiiiiiiiiiiiiiiiiiiiiiiiiiiiiiiiiiiiiiiiiiiiiiiiiiiiiiiiiiiiiiiiiiiiiiiiiiiiiiiiiiiiiiiiiiiiiiiiiiiiiiiiiiiiiiiiiiiiiiiiiiiiiiiiiiiiiiiiiiiiiiiiiiiiiiiiiiiiiiiiiiiiiiiiiiiiiiiiiiiiiiiiiiiiiiiiiiiiiiiiiiiiiiiiiiiiiiiiiiiiiiiiiiis 👆🤲🤲🤲🤲🤲👃👃👃👍👍👍💪💪💪💪💪💪💪👆🔑🔐❤️💋💋💋💋💋💋💋⚽👣🇷🇺🇷🇺🇷🇺🇷🇺🇷🇺🇷🇺🇷🇺🇷🇺🇷🇺🇷🇺🇷🇺🇷🇺👣💎🗽✈️🛫🇷🇺🌅🎇⛲🌟🛸,,,youtube_5xbw9CNvG8k,,false,2026-04-03T19:11:13.282825
Al3azm hada lmahdiy,,,youtube_5xbw9CNvG8k,,false,2026-04-03T19:11:13.282825
شهر ٧ 2023😅😅😅,,,youtube_5xbw9CNvG8k,,false,2026-04-03T19:11:13.282825
"احلى الذكريات مع هذه التحفة الفنية, تحية من ⁦🇩🇿⁩ جوان 2023.",,,youtube_5xbw9CNvG8k,,false,2026-04-03T19:11:14.094630
2023 وباقي كنسمعها 😊😊,,,youtube_5xbw9CNvG8k,,false,2026-04-03T19:11:14.094630
Who's listening in 2023 ?,,,youtube_5xbw9CNvG8k,,false,2026-04-03T19:11:14.094630
راني نتمرميد ديف سميرة سعيد حنان الصايم 11دبيمبر 1986النغير وصاابنوالمانيا حنان الصايم وصللين حنان الصايم وثالين حنان الصايم راني نتمرميد السحور والمشاكل تحواس على سلاحي راني نتمرمبد امو مشولة اخي يمرنبد ماعنديش الدارعم نتمرميد حنان اكمل كشوافة راني نتمىميد حنان الصايم راني نتمرميد حنان الصايم راني نتمرميد,,,youtube_5xbw9CNvG8k,,false,2026-04-03T19:11:14.094630
دايما هذه الاغنيه ببالي لانها كانت تذاع بسماعات كافتيريا عبارة السلام سنة 2005 اول سفر لي للسعوديه,,,youtube_5xbw9CNvG8k,,false,2026-04-03T19:11:14.095630
"Best samira s singer ever ,always listening this fantastic track on 2022",,,youtube_5xbw9CNvG8k,,false,2026-04-03T19:11:14.095630
2022 يستمع,,,youtube_5xbw9CNvG8k,,false,2026-04-03T19:11:14.095630
"سميرة سعيد تبدو بهذه الأغنية وكأنها في سن 24
سبحان الله حقا الملابس و make up يغير كل شيء.",,,youtube_5xbw9CNvG8k,,false,2026-04-03T19:11:14.095630
2022 مرت من هنا اقول لسميرة انتي الاولى,,,youtube_5xbw9CNvG8k,,false,2026-04-03T19:11:14.794856
2022 شكون كيسمعها,,,youtube_5xbw9CNvG8k,,false,2026-04-03T19:11:14.794856
2022 منو للحين بسمعها ؟ 😂🙈,,,youtube_5xbw9CNvG8k,,false,2026-04-03T19:11:14.794856
"جات على بالي فقط
وخرجت 2022 hhhh",,,youtube_5xbw9CNvG8k,,false,2026-04-03T19:11:14.794856
أنا جاي من 2022 ومازال بسمعها 😍,,,youtube_5xbw9CNvG8k,,false,2026-04-03T19:11:14.794856
سراقة موسيقى جزائرية اغنية شاب عباس وشابة سهام 2007  اسم الاغنية مجاياش تروح وتخليني,,,youtube_5xbw9CNvG8k,,false,2026-04-03T19:11:14.794856
2022 سنه احلى مع الجميله سميرة سعيد بنحبكككككككككككككككككك,,,youtube_5xbw9CNvG8k,,false,2026-04-03T19:11:14.794856
2021 here,,,youtube_5xbw9CNvG8k,,false,2026-04-03T19:11:14.794856
2005 وحتى 2012 الديفا قلبي اليمين,,,youtube_5xbw9CNvG8k,,false,2026-04-03T19:11:14.794856
البوم قويني بيك 2004 ذكريات ايام الجامعه وحفله الاستاد فين الايام دي😰😰,,,youtube_5xbw9CNvG8k,,false,2026-04-03T19:11:14.794856
https://youtu.be/nTgXM3UHKFQ,,,youtube_5xbw9CNvG8k,,false,2026-04-03T19:11:15.517841
"جيل 90
/2021",,,youtube_5xbw9CNvG8k,,false,2026-04-03T19:11:15.518841
شكون جا يسمعها في 2060 ؟,,,youtube_5xbw9CNvG8k,,false,2026-04-03T19:11:15.518841
من بيسمع؟؟؟ 2021 ❤️,,,youtube_5xbw9CNvG8k,,false,2026-04-03T19:11:15.518841
2021 وباقي كنسمع ليها  كنعشق كل الاغاني الاسطورة سميرة سعيد الفنانة التي لن تتكرر صوت صورة وكاريزما روووووووووووووووووووووووعة,,,youtube_5xbw9CNvG8k,,false,2026-04-03T19:11:15.518841
2021/2/18 ..ما خلاص 💜🤷🏻‍♀️,,,youtube_5xbw9CNvG8k,,false,2026-04-03T19:11:15.518841
مين بيسمعها ف 2021 الأسطورة سميرة سعيد 😍😍😍,,,youtube_5xbw9CNvG8k,,false,2026-04-03T19:11:15.518841
2021 kanmot 3la had l orniya,,,youtube_5xbw9CNvG8k,,false,2026-04-03T19:11:15.518841
2021 سميرة عبر العصور و المزمنة 🥰🥰🥰,,,youtube_5xbw9CNvG8k,,false,2026-04-03T19:11:15.518841
شكون راهو يسمع الغناية ف 2021؟؟؟,,,youtube_5xbw9CNvG8k,,false,2026-04-03T19:11:15.518841
2021 الديفا ملكه الاحاسيس المستحيله,,,youtube_5xbw9CNvG8k,,false,2026-04-03T19:11:15.518841
احلى شي في الاغنية بداية 2:34,,,youtube_5xbw9CNvG8k,,false,2026-04-03T19:11:16.246332
"مولد نبوي شريف لكل العرب و ينعاد عليكم بالصحة و العافية ❤❤❤🇩🇿🇩🇿🇩🇿
2020",,,youtube_5xbw9CNvG8k,,false,2026-04-03T19:11:16.246332
"Suddenly today, this song started to play in my mind. I remember my Arabian friends singing this song back at school. After not listening to it more than 20 years, here I found it on youtube:)) It is crazy that I remember some of the lyrics after so many years. have no clue what the song is about but I still love it:)",,,youtube_5xbw9CNvG8k,,false,2026-04-03T19:11:16.246332
مين راهوا يسمعها ب 2020,,,youtube_5xbw9CNvG8k,,false,2026-04-03T19:11:16.246332
اللي يسمعها 2020 لايك,,,youtube_5xbw9CNvG8k,,false,2026-04-03T19:11:16.246332
انا بسمعه 28/2 2020,,,youtube_5xbw9CNvG8k,,false,2026-04-03T19:11:16.958689
Chkon mazal kaytsnatlha 2020,,,youtube_5xbw9CNvG8k,,false,2026-04-03T19:11:16.958689
2020 وتبقى  سميرة الديفا سباقة لكل جديد,,,youtube_5xbw9CNvG8k,,false,2026-04-03T19:11:16.958689
2020 ومازالت💜💛,,,youtube_5xbw9CNvG8k,,false,2026-04-03T19:11:16.958689
ايام زمان و الان دخلت 2020,,,youtube_5xbw9CNvG8k,,false,2026-04-03T19:11:17.866843
2020 و الاغنية تحسها كانها نزلت اليوم.. هذه هي سميرة سعيد و اغاني سميرة سعيد,,,youtube_5xbw9CNvG8k,,false,2026-04-03T19:11:17.866843
أغنية وااااعرة بزاف 2019 وباقي كنسمع ليها,,,youtube_5xbw9CNvG8k,,false,2026-04-03T19:11:17.866843
Chkon li3ziza 3liya loghniya okysm3ha db hlali 2019,,,youtube_5xbw9CNvG8k,,false,2026-04-03T19:11:17.866843
"الديفا سميره رقم واحد في الطرب العربي 
حب لا ينتهي ونجاح باهر واستحقاق عالي 
الي ياوفقني لايك 😍💎🌹💌❤
2020_2019✨",,,youtube_5xbw9CNvG8k,,false,2026-04-03T19:11:17.866843
برغم قديمه الاغنيه بس سبقت زمن بيها قسم ب. 50 سنه قدام 😍😍😘♥️,,,youtube_5xbw9CNvG8k,,false,2026-04-03T19:11:18.550567
"فنانة بكل معنى الكلمة . مدرسة موسيقى شاملة و سابقة لعهدها
تحس ان سميرة تفوقت على جميع فناني القرنين بسنوات ضوئية و متفوقة على الفنانين لي هيكونو فسنة 3000 . 
احساس و صوت و ابداع خليط رهيب",,,youtube_5xbw9CNvG8k,,false,2026-04-03T19:11:18.550567
19 août 2019 hh,,,youtube_5xbw9CNvG8k,,false,2026-04-03T19:11:18.551446
راني هنا نسمع فيها ههه ف 2019,,,youtube_5xbw9CNvG8k,,false,2026-04-03T19:11:18.551446
تحية مغربية إلي مغربية 2019,,,youtube_5xbw9CNvG8k,,false,2026-04-03T19:11:18.551446
2019شكون بحالي,,,youtube_5xbw9CNvG8k,,false,2026-04-03T19:11:18.551446
يسمعها في 2019,,,youtube_5xbw9CNvG8k,,false,2026-04-03T19:11:19.251223
2019 سميرة سعيدة,,,youtube_5xbw9CNvG8k,,false,2026-04-03T19:11:19.251223
لي يسمعها في 2019 يخبط جام.,,,youtube_5xbw9CNvG8k,,false,2026-04-03T19:11:19.251223
"2019,memory of childhood.That was a good time",,,youtube_5xbw9CNvG8k,,false,2026-04-03T19:11:19.251223
للي كايسمعها ف 2019 لايك  😍😍,,,youtube_5xbw9CNvG8k,,false,2026-04-03T19:11:19.928940
2019 و مازال نسمع ليها تعجبني 😍😘,,,youtube_5xbw9CNvG8k,,false,2026-04-03T19:11:19.928940
اللي راح يسمعها في 2019  يحط لايك,,,youtube_5xbw9CNvG8k,,false,2026-04-03T19:11:19.928940
19/12/2018 اغنية أكثر من رائعة خليونا من أغاني الذل,,,youtube_5xbw9CNvG8k,,false,2026-04-03T19:11:19.928940
سميرة كل ما يمر  الوقت تحلى  سيدة الموسيقى العربية 23/11/2018,,,youtube_5xbw9CNvG8k,,false,2026-04-03T19:11:19.928940
فـًّّـِّْ❦ـًٍرق بــيـٰ̯ــن┊😴💤͢₎ 209ولان,,,youtube_5xbw9CNvG8k,,false,2026-04-03T19:11:20.687557
بنت بلادي مغربية كنت نمووووت فهاد الاغنية وانا عندي 12سنة طوووب,,,youtube_5xbw9CNvG8k,,false,2026-04-03T19:11:20.687557
مازال متنساتش 2018  ديما ديفا سميرة سعيد,,,youtube_5xbw9CNvG8k,,false,2026-04-03T19:11:21.363747
2018 لايك 🤪🤪,,,youtube_5xbw9CNvG8k,,false,2026-04-03T19:11:21.363747
من 2004 وللان استمع لها  ♥️,,,youtube_5xbw9CNvG8k,,false,2026-04-03T19:11:21.363747
اللي لسا بسمعها 2018 يعطيها لايك سميرة سعيد جميلة الجميلات,,,youtube_5xbw9CNvG8k,,false,2026-04-03T19:11:22.036660
سابقة لعهدك يا سميرة هاد لتيوب لازم ينزل في 2030,,,youtube_5xbw9CNvG8k,,false,2026-04-03T19:11:22.673867
أيام جميله تحيه من جزائرية 2018,,,youtube_5xbw9CNvG8k,,false,2026-04-03T19:11:22.673867
لي بيسمها في 2018 يخبط جيم🤗,,,youtube_5xbw9CNvG8k,,false,2026-04-03T19:11:31.137229
2018 and still love it,,,youtube_5xbw9CNvG8k,,false,2026-04-03T19:11:32.398973
2026 مين هون نفسي 100لايك بس 😢,,,youtube_d1wf8sAxZu4,,false,2026-04-03T19:11:34.267859
2025 still my favorite song ever ❤,,,youtube_d1wf8sAxZu4,,false,2026-04-03T19:11:34.267859
منو جاي يسمعها سنه 2025وسنه2025رجعونييييي♥️♥️🥹🥹💞💞🫂🫂,,,youtube_d1wf8sAxZu4,,false,2026-04-03T19:11:34.267859
Ktir style adonis wade7 fiha ❤,,,youtube_d1wf8sAxZu4,,false,2026-04-03T19:11:34.267859
"شاهدت الأغنية بالصدفة على التلفزيون، ومن أول استماع أعجبتني الأغنية وشعرت أن  بها شيء جميل مختلف عن باقي أغاني هبة، تبين بأنها من فريق عمل مختلف عن المعتاد وكسرت الرتابة وغيّرت عن أشعار غدي المخربطة
والكليب جميل 😍
الشيء الوحيد الذي لم يعجبني بالأغنية هو 01:39 
يبدو وكأنه من صوت من فيلم رعب",,,youtube_d1wf8sAxZu4,,false,2026-04-03T19:11:34.267859
Old fan of Morocco number 2 still love you 🤟🏽,,,youtube_d1wf8sAxZu4,,false,2026-04-03T19:11:34.267859
"My love my love it's over/ Habibi ya Habibi khalas
حبيبي يا حبيبي خلاص    

You want me to wait for you /badek yaani el antezar
بدك ياني في الإنتظار

Change my role as your temper changes/ ala mazajek badal eldouar
على مزاجك بدل الأدوار

Days in need days depressing/ Ayam el.haji Ayam el diq
إيام الحاجة إيام الضيق

I miss talking to you i dont find you/ meshatq hakik mablaeik
بشتاق حاكيك ما بلاقيك

I've waisted my best years with you/ trekltilek Majal snein
تركت لك مجال سنين

You didnt deserved it ( you have no right ) / ma elhaq aleik
ما الحق عليك، ما الحق عليك

I have given you all my happiness and more / aatik men saadty w zid
أعطيك من سعادتي وزيد

Not enough for you not enough for you / alil aleik
قليل عليك، قليل عليك

 i was beside you  and defend against all/  dafaat anek w baeit satar alik
دافعت عنك وبقيت ستر عليك

I cherished your eyes / kramet aynik
كرامت عينيك، كرامت عينيك



All the things we Said / kel shi elna kel shi hakina
كل شي قلناه كل شي حكيناه

All the things we have given,  nothing 's left /kel.shi aatina mesh baei shi
كل شي عطيناه مش باقي شي

All that WE burned WE forget about it / kel shi haraqna kel shi nsina
كل شي حرقناه كل شي نسيناه

WE forgive and nothing's left / WE samahna mesh baei shi",,,youtube_d1wf8sAxZu4,,false,2026-04-03T19:11:34.267859
"أغنية رائعة بمعنى الكلمة ♥️
2023/02/15",,,youtube_d1wf8sAxZu4,,false,2026-04-03T19:11:35.027414
I love you Hiba♥ I follow you since 2011 and I am in love with every song you produce ❤,,,youtube_d1wf8sAxZu4,,false,2026-04-03T19:11:35.027414
"3M views, 1.5K likes, 165 comments. The views aren’t fake at all✨",,,youtube_d1wf8sAxZu4,,false,2026-04-03T19:11:35.027414
c’est très incroyable 😍 habibi enti love your music,,,youtube_d1wf8sAxZu4,,false,2026-04-03T19:11:35.785256
I have been waiting for this clip before. Your voice is very beautiful. It does not leave one's mind. You are really wonderful. All love from Canada💛💛💛,,,youtube_d1wf8sAxZu4,,false,2026-04-03T19:11:35.785256
Woooow bravo hiba kel shi byelba2lek ❤❤❤,,,youtube_d1wf8sAxZu4,,false,2026-04-03T19:11:35.785256
